gbifID,reproductiveCondition,occurrenceStatus,habitat,verbatimElevation,minimumDistanceAboveSurfaceInMeters,maximumDistanceAboveSurfaceInMeters,decimalLatitude,decimalLongitude,georeferencedDate,elevation,elevationAccuracy,datetime,date,gridmet_lat,gridmet_lon,gridmet_date,air_temperature,precipitation_amount,specific_humidity,relative_humidity,mean_vapor_pressure_deficit,potential_evapotranspiration,surface_downwelling_shortwave_flux_in_air,wind_speed
1304445541,,PRESENT,,,,,45.2067,-121.75,,,,1996-07-29,1996-07-29 00:00:00,45.19166666666667,-121.76666663333334,1996-07-29 00:00:00,300.6000061035156,0.0,0.00913000013679266,73.70000457763672,1.2899999618530273,7.599999904632568,325.70001220703125,3.4000000953674316
1304445537,,PRESENT,,,,,44.5379,-118.588,,,,2007-06-11,2007-06-11 00:00:00,44.525000000000006,-118.59999996666667,2007-06-11 00:00:00,290.3999938964844,0.0,0.0050200000405311584,36.79999923706055,0.6599999666213989,5.5,327.3999938964844,3.200000047683716
1304445536,,PRESENT,,,,,43.9282,-122.1205,,,,2004-07-27,2004-07-27 00:00:00,43.94166666666667,-122.09999996666667,2004-07-27 00:00:00,302.29998779296875,0.0,0.006259999703615904,57.0,1.709999918937683,7.900000095367432,324.8999938964844,2.5
1304445532,,PRESENT,,,,,44.0176,-122.4769,,,,2000-06-26,2000-06-26 00:00:00,44.025000000000006,-122.47499996666667,2000-06-26 00:00:00,286.79998779296875,0.0,0.00901000015437603,36.29999923706055,1.5699999332427979,6.900000095367432,342.8000183105469,3.799999952316284
1304445531,,PRESENT,forest,,,,44.309,-122.2406,,,,2002-06-22,2002-06-22 00:00:00,44.31666666666667,-122.22499996666667,2002-06-22 00:00:00,282.29998779296875,0.0,0.009269999340176582,93.9000015258789,0.7599999904632568,5.900000095367432,287.8000183105469,3.5
1304445529,,PRESENT,,,,,45.1733,-121.6179,,,,1998-04-28,1998-04-28 00:00:00,45.19166666666667,-121.59999996666667,1998-04-28 00:00:00,295.5,0.0,0.0064399996772408485,83.0999984741211,0.85999995470047,4.700000286102295,330.0,2.799999952316284
1304445527,,PRESENT,,,,,44.85,-122.3098,,,,1997-06-07,1997-06-07 00:00:00,44.858333333333334,-122.30833330000002,1997-06-07 00:00:00,290.5,0.4000000059604645,0.00774999987334013,61.5,0.28999999165534973,4.200000286102295,327.20001220703125,4.400000095367432
1304445526,,PRESENT,,,,,45.5687,-122.0949,,,,2004-06-17,2004-06-17 00:00:00,45.56666666666667,-122.09999996666667,2004-06-17 00:00:00,298.5,0.0,0.006309999618679285,59.70000076293945,1.2999999523162842,8.5,338.1000061035156,4.099999904632568
1304445524,,PRESENT,,,,,44.4197,-121.8571,,,,2008-08-16,2008-08-16 00:00:00,44.400000000000006,-121.84999996666667,2008-08-16 00:00:00,288.79998779296875,0.0,0.0064199999906122684,22.600000381469727,2.2300000190734863,6.700000286102295,278.0,1.7000000476837158
1304445520,,PRESENT,,,,,45.7504,-118.0512,,,,1980-07-03,1980-07-03 00:00:00,45.733333333333334,-118.05833330000002,1980-07-03 00:00:00,292.70001220703125,0.30000001192092896,0.0065299998968839645,100.0,0.6399999856948853,5.099999904632568,296.1000061035156,2.6000001430511475
1304445516,,PRESENT,,,,,45.3312,-121.7114,,,,1999-08-01,1999-08-01 00:00:00,45.31666666666667,-121.72499996666667,1999-08-01 00:00:00,294.0,0.0,0.00865000020712614,53.10000228881836,0.6100000143051147,5.300000190734863,325.5,2.799999952316284
1304445515,,PRESENT,,,,,42.7153,-122.1296,,,,2007-06-22,2007-06-22 00:00:00,42.733333333333334,-122.14166663333334,2007-06-22 00:00:00,291.5,0.0,0.005619999952614307,33.400001525878906,0.6499999761581421,5.900000095367432,349.0,3.700000047683716
1304445514,,PRESENT,,,,,43.9112,-122.0553,,,,1992-09-03,1992-09-03 00:00:00,43.900000000000006,-122.05833330000002,1992-09-03 00:00:00,280.6000061035156,7.200000286102295,0.008340000174939632,27.200000762939453,0.5799999833106995,4.900000095367432,257.8000183105469,4.599999904632568
1304445507,,PRESENT,,,,,43.5781,-122.3402,,,,2002-09-20,2002-09-20 00:00:00,43.56666666666667,-122.34999996666667,2002-09-20 00:00:00,293.20001220703125,0.0,0.005140000022947788,27.100000381469727,0.9599999785423279,3.700000047683716,233.3000030517578,3.0
1304445504,,PRESENT,,,,,42.0168,-123.4552,,,,1993-09-18,1993-09-18 00:00:00,42.025000000000006,-123.47499996666667,1993-09-18 00:00:00,291.0,0.0,0.005319999996572733,70.30000305175781,0.7400000095367432,3.299999952316284,240.8000030517578,2.700000047683716
1304445502,,PRESENT,,,,,45.312,-121.736,,,,2002-08-01,2002-08-01 00:00:00,45.31666666666667,-121.72499996666667,2002-08-01 00:00:00,279.5,0.0,0.005929999984800816,61.79999923706055,0.7099999785423279,6.099999904632568,330.1000061035156,4.300000190734863
1304445499,,PRESENT,,,,,45.0472,-121.8173,,,,1998-08-25,1998-08-25 00:00:00,45.06666666666667,-121.80833330000002,1998-08-25 00:00:00,297.0,0.0,0.006709999870508909,80.5999984741211,0.9799999594688416,4.700000286102295,284.8000183105469,3.6000001430511475
1304445497,,PRESENT,,,,,45.335,-121.3995,,,,1999-07-09,1999-07-09 00:00:00,45.31666666666667,-121.39166663333334,1999-07-09 00:00:00,301.70001220703125,0.0,0.006389999762177467,28.30000114440918,1.6200000047683716,8.5,348.5,3.0
1304445496,,PRESENT,,,,,42.9171,-122.5897,,,,2008-09-18,2008-09-18 00:00:00,42.900000000000006,-122.59999996666667,2008-09-18 00:00:00,280.79998779296875,0.0,0.004739999771118164,20.5,1.2899999618530273,6.0,236.5,3.0
1304445494,,PRESENT,,,,,45.343,-121.7443,,,,1999-08-01,1999-08-01 00:00:00,45.358333333333334,-121.72499996666667,1999-08-01 00:00:00,291.5,0.0,0.00953999999910593,62.20000076293945,0.3400000035762787,4.5,326.0,2.799999952316284
1304445493,,PRESENT,,,,,45.5563,-121.8186,,,,1993-08-13,1993-08-13 00:00:00,45.56666666666667,-121.80833330000002,1993-08-13 00:00:00,292.6000061035156,0.0,0.007479999680072069,80.30000305175781,0.5899999737739563,4.400000095367432,308.70001220703125,5.200000286102295
1304445491,,PRESENT,,,,,45.1959,-121.816,,,,1996-07-16,1996-07-16 00:00:00,45.19166666666667,-121.80833330000002,1996-07-16 00:00:00,292.6000061035156,0.0,0.006399999838322401,83.4000015258789,0.6800000071525574,6.800000190734863,346.20001220703125,7.0
1304445490,,PRESENT,ridgetop balds.,,,,44.826,-121.9934,,,,1982-07-28,1982-07-28 00:00:00,44.81666666666667,-121.97499996666667,1982-07-28 00:00:00,301.5,0.0,0.011049999855458736,83.5,1.0799999237060547,6.200000286102295,308.8000183105469,2.1000001430511475
1304445489,,PRESENT,forest,,,,44.2217,-122.1244,,,,1979-07-05,1979-07-05 00:00:00,44.233333333333334,-122.14166663333334,1979-07-05 00:00:00,296.8999938964844,0.0,0.008069999516010284,46.5,0.7999999523162842,4.599999904632568,284.5,3.1000001430511475
1304445487,,PRESENT,,,,,43.4003,-122.4995,,,,2009-08-23,2009-08-23 00:00:00,43.400000000000006,-122.51666663333334,2009-08-23 00:00:00,293.1000061035156,0.0,0.006339999847114086,35.79999923706055,0.7199999690055847,5.800000190734863,298.1000061035156,4.400000095367432
1304445485,,PRESENT,,,,,45.3144,-121.6055,,,,1993-07-14,1993-07-14 00:00:00,45.31666666666667,-121.59999996666667,1993-07-14 00:00:00,283.70001220703125,1.0,0.005929999984800816,100.0,0.25,2.6000001430511475,215.60000610351562,5.300000190734863
1304445484,,PRESENT,,,,,44.4199,-122.096,,,,1994-08-10,1994-08-10 00:00:00,44.400000000000006,-122.09999996666667,1994-08-10 00:00:00,282.20001220703125,0.0,0.007829999551177025,76.5999984741211,1.100000023841858,5.0,312.6000061035156,2.299999952316284
1304445480,,PRESENT,,,,,45.4234,-121.9706,,,,2004-07-15,2004-07-15 00:00:00,45.44166666666667,-121.97499996666667,2004-07-15 00:00:00,296.29998779296875,0.0,0.009279999881982803,82.30000305175781,0.75,6.200000286102295,325.5,3.799999952316284
1304445477,,PRESENT,rocky ridge-top.,,,,43.1643,-122.4575,,,,1993-09-28,1993-09-28 00:00:00,43.150000000000006,-122.47499996666667,1993-09-28 00:00:00,300.6000061035156,0.0,0.0048699998296797276,53.79999923706055,1.7400000095367432,4.5,194.0,3.0
1304445476,,PRESENT,,,,,45.5596,-121.8113,,,,1997-07-21,1997-07-21 00:00:00,45.56666666666667,-121.80833330000002,1997-07-21 00:00:00,295.5,0.0,0.010590000078082085,48.5,0.5199999809265137,5.800000190734863,330.8000183105469,5.599999904632568
1304445474,,PRESENT,,,,,43.5201,-122.2006,,,,2003-08-02,2003-08-02 00:00:00,43.525000000000006,-122.18333330000002,2003-08-02 00:00:00,283.0,0.0,0.00892999954521656,38.5,0.47999998927116394,2.200000047683716,114.80000305175781,1.600000023841858
1304445472,,PRESENT,,,,,45.3378,-121.4508,,,,1999-06-22,1999-06-22 00:00:00,45.358333333333334,-121.43333330000002,1999-06-22 00:00:00,289.20001220703125,0.0,0.006550000049173832,54.29999923706055,0.429999977350235,4.900000095367432,326.3999938964844,4.900000095367432
1304445471,,PRESENT,,,,,44.369,-122.0881,,,,1999-07-31,1999-07-31 00:00:00,44.358333333333334,-122.09999996666667,1999-07-31 00:00:00,297.6000061035156,0.6000000238418579,0.00839999970048666,38.60000228881836,0.8700000047683716,5.599999904632568,296.1000061035156,2.5
1304445466,,PRESENT,,,,,44.5408,-121.9785,,,,1996-08-13,1996-08-13 00:00:00,44.525000000000006,-121.97499996666667,1996-08-13 00:00:00,305.29998779296875,0.6000000238418579,0.0081599997356534,57.79999923706055,1.9399999380111694,7.400000095367432,304.1000061035156,2.1000001430511475
1304445465,,PRESENT,,,,,45.1959,-121.816,,,,1996-07-19,1996-07-19 00:00:00,45.19166666666667,-121.80833330000002,1996-07-19 00:00:00,289.8999938964844,0.0,0.005949999671429396,95.70000457763672,0.44999998807907104,4.900000095367432,322.0,4.800000190734863
1304445464,,PRESENT,,,,,45.2104,-121.7956,,,,1992-07-16,1992-07-16 00:00:00,45.19166666666667,-121.80833330000002,1992-07-16 00:00:00,299.79998779296875,0.0,0.007569999899715185,68.80000305175781,1.3299999237060547,8.600000381469727,346.3999938964844,4.200000286102295
1304445460,,PRESENT,Engelmann spruce grove; meadow and wetlands.,,,,42.0941,-122.7236,,,,1993-09-18,1993-09-18 00:00:00,42.108333333333334,-122.72499996666667,1993-09-18 00:00:00,290.0,0.0,0.005539999809116125,70.80000305175781,0.6699999570846558,3.200000047683716,234.3000030517578,2.6000001430511475
1304445459,,PRESENT,,,,,43.5201,-122.2006,,,,2005-10-06,2005-10-06 00:00:00,43.525000000000006,-122.18333330000002,2005-10-06 00:00:00,287.0,0.0,0.0052999998442828655,78.20000457763672,0.4599999785423279,3.299999952316284,197.90000915527344,3.6000001430511475
1304445457,,PRESENT,,,,,45.425,-121.767,,,,1994-06-02,1994-06-02 00:00:00,45.44166666666667,-121.76666663333334,1994-06-02 00:00:00,277.8999938964844,0.0,0.006139999721199274,71.0999984741211,0.6899999976158142,4.700000286102295,308.70001220703125,5.200000286102295
1304445456,,PRESENT,,,,,45.4816,-121.6858,,,,1993-08-11,1993-08-11 00:00:00,45.483333333333334,-121.68333330000002,1993-08-11 00:00:00,293.1000061035156,0.0,0.007549999747425318,86.20000457763672,0.6200000047683716,4.300000190734863,312.70001220703125,3.200000047683716
1304445455,,PRESENT,,,,,44.3443,-122.0009,,,,2004-07-27,2004-07-27 00:00:00,44.358333333333334,-122.01666663333334,2004-07-27 00:00:00,302.70001220703125,0.0,0.007689999882131815,64.30000305175781,1.5499999523162842,8.0,319.3999938964844,3.0
1304445451,,PRESENT,,,,,45.5495,-122.0025,,,,2005-08-30,2005-08-30 00:00:00,45.56666666666667,-122.01666663333334,2005-08-30 00:00:00,277.79998779296875,0.699999988079071,0.005549999885261059,40.20000076293945,0.7899999618530273,5.200000286102295,257.3000183105469,3.299999952316284
1304445450,,PRESENT,forest,,,,44.2217,-122.1244,,,,1979-07-05,1979-07-05 00:00:00,44.233333333333334,-122.14166663333334,1979-07-05 00:00:00,296.8999938964844,0.0,0.008069999516010284,46.5,0.7999999523162842,4.599999904632568,284.5,3.1000001430511475
1304445446,,PRESENT,,,,,45.1978,-121.8492,,,,1991-07-23,1991-07-23 00:00:00,45.19166666666667,-121.84999996666667,1991-07-23 00:00:00,287.70001220703125,0.30000001192092896,0.009669999592006207,55.29999923706055,1.5399999618530273,7.5,295.1000061035156,2.799999952316284
1304445438,,PRESENT,"deep shade, mossy depression, old growth Thuja plicata.",,,,45.5451,-122.0714,,,,1991-08-14,1991-08-14 00:00:00,45.525000000000006,-122.05833330000002,1991-08-14 00:00:00,284.1000061035156,0.0,0.00786999985575676,69.30000305175781,1.1200000047683716,5.599999904632568,298.1000061035156,1.899999976158142
1304445435,,PRESENT,forest,,,,43.3753,-122.3254,,,,1979-08-02,1979-08-02 00:00:00,43.358333333333334,-122.30833330000002,1979-08-02 00:00:00,301.1000061035156,0.0,0.006479999981820583,26.5,1.5299999713897705,6.200000286102295,329.3000183105469,3.200000047683716
1304445427,,PRESENT,,,,,45.1814,-121.816,,,,1996-08-23,1996-08-23 00:00:00,45.19166666666667,-121.80833330000002,1996-08-23 00:00:00,301.79998779296875,0.0,0.006300000008195639,51.29999923706055,1.7799999713897705,8.699999809265137,290.6000061035156,3.799999952316284
1304445426,,PRESENT,,,,,45.5546,-122.0119,,,,1996-07-19,1996-07-19 00:00:00,45.56666666666667,-122.01666663333334,1996-07-19 00:00:00,290.70001220703125,2.799999952316284,0.006149999797344208,100.0,0.5099999904632568,4.200000286102295,236.8000030517578,3.200000047683716
1304445417,,PRESENT,,,,,45.2597,-121.627,,,,1992-09-01,1992-09-01 00:00:00,45.275000000000006,-121.64166663333334,1992-09-01 00:00:00,280.1000061035156,0.0,0.008119999431073666,56.10000228881836,0.5099999904632568,4.400000095367432,259.5,4.0
1304445415,,PRESENT,,,,,45.1462,-121.64,,,,1998-06-12,1998-06-12 00:00:00,45.150000000000006,-121.64166663333334,1998-06-12 00:00:00,292.8999938964844,0.0,0.008270000107586384,100.0,0.41999998688697815,4.400000095367432,363.3000183105469,5.599999904632568
1304445414,,PRESENT,,,,,44.5979,-122.1316,,,,1994-08-04,1994-08-04 00:00:00,44.608333333333334,-122.14166663333334,1994-08-04 00:00:00,282.5,0.0,0.010369999334216118,100.0,0.5199999809265137,4.400000095367432,311.8999938964844,3.0
1304445411,,PRESENT,,,,,45.4839,-121.8127,,,,1994-08-26,1994-08-26 00:00:00,45.483333333333334,-121.80833330000002,1994-08-26 00:00:00,281.79998779296875,0.0,0.006819999776780605,72.5999984741211,0.7999999523162842,4.300000190734863,287.1000061035156,3.4000000953674316
1304445409,,PRESENT,,,,,45.4343,-122.0066,,,,2003-07-01,2003-07-01 00:00:00,45.44166666666667,-122.01666663333334,2003-07-01 00:00:00,278.20001220703125,0.0,0.005080000031739473,37.20000076293945,0.699999988079071,4.099999904632568,255.90000915527344,3.799999952316284
1304445405,,PRESENT,,,,,42.3,-122.2833,,,,2003-07-20,2003-07-20 00:00:00,42.31666666666667,-122.26666663333334,2003-07-20 00:00:00,281.8999938964844,0.0,0.006730000022798777,21.80000114440918,1.7599999904632568,6.700000286102295,345.1000061035156,3.0
1304445402,,PRESENT,,,,,45.6418,-121.6994,,,,1993-07-08,1993-07-08 00:00:00,45.650000000000006,-121.68333330000002,1993-07-08 00:00:00,294.70001220703125,0.0,0.006430000066757202,75.70000457763672,0.8700000047683716,5.300000190734863,357.0,3.299999952316284
1304445400,,PRESENT,"roadside, near forest.",,,,44.1772,-121.9078,,,,1995-09-09,1995-09-09 00:00:00,44.19166666666667,-121.89166663333334,1995-09-09 00:00:00,293.79998779296875,0.0,0.0073899999260902405,100.0,0.5600000023841858,3.200000047683716,251.60000610351562,2.4000000953674316
1304445397,,PRESENT,,,,,44.6477,-122.0028,,,,1996-11-05,1996-11-05 00:00:00,44.650000000000006,-122.01666663333334,1996-11-05 00:00:00,269.20001220703125,4.700000286102295,0.003819999983534217,72.80000305175781,0.04999999701976776,0.6000000238418579,69.0,3.299999952316284
1304445391,,PRESENT,,,,,45.3154,-121.5641,,,,1993-08-12,1993-08-12 00:00:00,45.31666666666667,-121.55833330000002,1993-08-12 00:00:00,291.29998779296875,0.0,0.007340000011026859,79.80000305175781,0.5699999928474426,4.099999904632568,302.5,3.4000000953674316
1304445386,,PRESENT,open/coniferous forest bordering bog/meadow.,,,,45.1539,-121.7597,,,,2006-07-30,2006-07-30 00:00:00,45.150000000000006,-121.76666663333334,2006-07-30 00:00:00,275.8999938964844,0.699999988079071,0.005859999917447567,40.79999923706055,0.5299999713897705,4.099999904632568,304.6000061035156,5.599999904632568
1304445381,,PRESENT,,,,,45.3954,-121.7671,,,,2001-08-01,2001-08-01 00:00:00,45.400000000000006,-121.76666663333334,2001-08-01 00:00:00,293.1000061035156,0.0,0.007489999756217003,48.70000076293945,0.5999999642372131,4.200000286102295,284.0,4.5
1304445378,,PRESENT,,,,,45.185,-121.8007,,,,1996-07-16,1996-07-16 00:00:00,45.19166666666667,-121.80833330000002,1996-07-16 00:00:00,292.6000061035156,0.0,0.006399999838322401,83.4000015258789,0.6800000071525574,6.800000190734863,346.20001220703125,7.0
1304445375,,PRESENT,,,,,45.1703,-121.6847,,,,1997-08-07,1997-08-07 00:00:00,45.150000000000006,-121.68333330000002,1997-08-07 00:00:00,297.1000061035156,0.0,0.008729999884963036,40.900001525878906,0.8299999833106995,6.800000190734863,312.1000061035156,5.400000095367432
1304445373,,PRESENT,,,,,44.7207,-121.9373,,,,2007-09-13,2007-09-13 00:00:00,44.733333333333334,-121.93333330000002,2007-09-13 00:00:00,294.79998779296875,0.0,0.006739999633282423,68.30000305175781,0.949999988079071,4.800000190734863,243.60000610351562,2.5
1304445368,,PRESENT,,,,,43.8205,-122.2194,,,,2006-09-09,2006-09-09 00:00:00,43.81666666666667,-122.22499996666667,2006-09-09 00:00:00,287.20001220703125,0.0,0.00752999959513545,49.5,0.1599999964237213,2.6000001430511475,239.60000610351562,3.5
1304445364,,PRESENT,,,,,43.4167,-122.1607,,,,2007-09-06,2007-09-06 00:00:00,43.400000000000006,-122.14166663333334,2007-09-06 00:00:00,291.8999938964844,0.0,0.004559999797493219,78.5999984741211,0.85999995470047,5.099999904632568,259.1000061035156,2.9000000953674316
1304445359,,PRESENT,,,,,43.5278,-122.8999,,,,2008-09-19,2008-09-19 00:00:00,43.525000000000006,-122.89166663333334,2008-09-19 00:00:00,282.70001220703125,0.0,0.005779999773949385,35.10000228881836,1.0,4.800000190734863,213.1999969482422,2.700000047683716
1304445357,,PRESENT,,,,,45.549,-121.8187,,,,1997-07-21,1997-07-21 00:00:00,45.56666666666667,-121.80833330000002,1997-07-21 00:00:00,295.5,0.0,0.010590000078082085,48.5,0.5199999809265137,5.800000190734863,330.8000183105469,5.599999904632568
1304445356,,PRESENT,,,,,44.3406,-122.0014,,,,2004-07-27,2004-07-27 00:00:00,44.358333333333334,-122.01666663333334,2004-07-27 00:00:00,302.70001220703125,0.0,0.007689999882131815,64.30000305175781,1.5499999523162842,8.0,319.3999938964844,3.0
1304445355,,PRESENT,,,,,45.274,-121.6682,,,,1996-07-01,1996-07-01 00:00:00,45.275000000000006,-121.68333330000002,1996-07-01 00:00:00,297.20001220703125,0.0,0.0074699996039271355,65.0,1.0099999904632568,6.5,351.5,2.299999952316284
1304445354,,PRESENT,,,,,45.2866,-121.5226,,,,1997-07-22,1997-07-22 00:00:00,45.275000000000006,-121.51666663333334,1997-07-22 00:00:00,292.5,0.0,0.007259999867528677,46.900001525878906,0.5999999642372131,5.5,335.20001220703125,3.299999952316284
1304445353,,PRESENT,,,,,44.238,-121.9193,,,,1983-09-05,1983-09-05 00:00:00,44.233333333333334,-121.93333330000002,1983-09-05 00:00:00,276.0,1.600000023841858,0.004900000058114529,95.0999984741211,0.7899999618530273,4.0,264.20001220703125,3.6000001430511475
1304445345,,PRESENT,,,,,45.2616,-121.6399,,,,1996-08-01,1996-08-01 00:00:00,45.275000000000006,-121.64166663333334,1996-08-01 00:00:00,292.29998779296875,0.30000001192092896,0.005919999908655882,69.20000457763672,0.7899999618530273,6.800000190734863,324.8000183105469,5.800000190734863
1304445343,,PRESENT,,,,,45.2955,-122.0348,,,,2007-08-22,2007-08-22 00:00:00,45.275000000000006,-122.01666663333334,2007-08-22 00:00:00,294.20001220703125,0.0,0.007149999961256981,48.400001525878906,0.7599999904632568,5.099999904632568,287.5,2.700000047683716
1304445341,,PRESENT,wet meadow surrounded by forest.  In soil.  Frequent.,,,,44.8205,-118.6596,,,,1992-08-02,1992-08-02 00:00:00,44.81666666666667,-118.64166663333334,1992-08-02 00:00:00,299.79998779296875,0.4000000059604645,0.0035500000230968,30.80000114440918,2.0199999809265137,9.40000057220459,312.8999938964844,3.6000001430511475
1304445336,,PRESENT,,,,,43.2488,-122.2268,,,,1993-08-10,1993-08-10 00:00:00,43.233333333333334,-122.22499996666667,1993-08-10 00:00:00,297.1000061035156,0.0,0.008329999633133411,100.0,0.7400000095367432,4.5,310.1000061035156,2.5
1304445335,,PRESENT,,,,,45.1752,-121.6811,,,,1992-06-01,1992-06-01 00:00:00,45.19166666666667,-121.68333330000002,1992-06-01 00:00:00,292.70001220703125,0.0,0.007849999703466892,69.9000015258789,0.5999999642372131,6.200000286102295,334.20001220703125,6.400000095367432
1304445321,,PRESENT,,,,,43.5885,-122.0919,,,,2005-09-01,2005-09-01 00:00:00,43.608333333333334,-122.09999996666667,2005-09-01 00:00:00,296.0,0.0,0.006209999788552523,68.0,1.0299999713897705,5.5,269.3999938964844,2.6000001430511475
1304445320,,PRESENT,,,,,44.7934,-122.1824,,,,2004-08-05,2004-08-05 00:00:00,44.775000000000006,-122.18333330000002,2004-08-05 00:00:00,294.29998779296875,1.0,0.007960000075399876,100.0,0.6299999952316284,4.900000095367432,278.6000061035156,2.9000000953674316
1304445319,,PRESENT,,,,,43.7322,-122.1112,,,,2006-09-11,2006-09-11 00:00:00,43.733333333333334,-122.09999996666667,2006-09-11 00:00:00,295.70001220703125,0.0,0.005829999689012766,33.900001525878906,1.149999976158142,5.200000286102295,245.60000610351562,2.299999952316284
1304445318,,PRESENT,,,,,44.1482,-122.2108,,,,1991-05-28,1991-05-28 00:00:00,44.150000000000006,-122.22499996666667,1991-05-28 00:00:00,278.3999938964844,3.799999952316284,0.0072200000286102295,100.0,0.38999998569488525,3.9000000953674316,269.1000061035156,2.5
1304445317,,PRESENT,,,,,45.424,-121.974,,,,2004-07-15,2004-07-15 00:00:00,45.44166666666667,-121.97499996666667,2004-07-15 00:00:00,296.29998779296875,0.0,0.009279999881982803,82.30000305175781,0.75,6.200000286102295,325.5,3.799999952316284
1304445316,,PRESENT,forest,,,,43.1522,-122.455,,,,1979-08-04,1979-08-04 00:00:00,43.150000000000006,-122.47499996666667,1979-08-04 00:00:00,296.0,0.0,0.005609999876469374,28.5,1.1100000143051147,5.5,327.5,3.700000047683716
1304445313,,PRESENT,forest,,,,44.3385,-119.3387,,,,1979-07-03,1979-07-03 00:00:00,44.358333333333334,-119.34999996666667,1979-07-03 00:00:00,299.3999938964844,0.0,0.004170000087469816,20.200000762939453,1.6100000143051147,6.400000095367432,340.8000183105469,3.0
1304445310,,PRESENT,,,,,45.4141,-121.5639,,,,1997-07-30,1997-07-30 00:00:00,45.400000000000006,-121.55833330000002,1997-07-30 00:00:00,294.6000061035156,5.900000095367432,0.008019999600946903,46.5,0.6499999761581421,5.099999904632568,318.20001220703125,2.299999952316284
1304445309,,PRESENT,,,,,45.2262,-121.7014,,,,1996-07-06,1996-07-06 00:00:00,45.233333333333334,-121.68333330000002,1996-07-06 00:00:00,296.0,0.0,0.005379999987781048,62.70000076293945,1.059999942779541,7.300000190734863,356.20001220703125,3.299999952316284
1304445308,,PRESENT,,,,,44.8627,-121.9423,,,,1983-08-20,1983-08-20 00:00:00,44.858333333333334,-121.93333330000002,1983-08-20 00:00:00,278.8999938964844,0.0,0.007009999826550484,92.4000015258789,0.6200000047683716,4.400000095367432,261.20001220703125,2.299999952316284
1304445307,,PRESENT,,,,,45.4338,-121.9991,,,,2003-07-31,2003-07-31 00:00:00,45.44166666666667,-122.01666663333334,2003-07-31 00:00:00,286.5,0.0,0.00723999971523881,29.899999618530273,1.2899999618530273,5.700000286102295,312.20001220703125,3.299999952316284
1304445306,,PRESENT,,,,,45.1933,-121.656,,,,1995-08-03,1995-08-03 00:00:00,45.19166666666667,-121.64166663333334,1995-08-03 00:00:00,296.20001220703125,0.0,0.008849999867379665,43.60000228881836,0.699999988079071,4.700000286102295,312.1000061035156,3.799999952316284
1304445303,,PRESENT,forest,,,,44.3197,-122.2616,,,,1979-06-24,1979-06-24 00:00:00,44.31666666666667,-122.26666663333334,1979-06-24 00:00:00,297.6000061035156,0.0,0.007789999712258577,41.29999923706055,0.9399999976158142,5.400000095367432,334.5,3.4000000953674316
1304445292,,PRESENT,,,,,45.4105,-121.6114,,,,1997-08-06,1997-08-06 00:00:00,45.400000000000006,-121.59999996666667,1997-08-06 00:00:00,301.20001220703125,0.0,0.010169999673962593,37.0,1.3399999141693115,7.599999904632568,307.3999938964844,3.5
1304445290,,PRESENT,,,,,45.5287,-122.0471,,,,2005-08-25,2005-08-25 00:00:00,45.525000000000006,-122.05833330000002,2005-08-25 00:00:00,281.70001220703125,0.0,0.004549999721348286,22.30000114440918,1.7400000095367432,7.700000286102295,283.3000183105469,2.9000000953674316
1304445289,,PRESENT,margin of Rd. 042 along N slope.,,,,45.4287,-121.9681,,,,1982-09-09,1982-09-09 00:00:00,45.44166666666667,-121.97499996666667,1982-09-09 00:00:00,285.6000061035156,41.29999923706055,0.007229999639093876,48.20000076293945,0.1899999976158142,1.5,98.0999984741211,4.700000286102295
1304445286,,PRESENT,gravelly seep in clearcut.,,,,43.1468,-122.4673,,,,1993-09-29,1993-09-29 00:00:00,43.150000000000006,-122.47499996666667,1993-09-29 00:00:00,302.3999938964844,0.0,0.004559999797493219,43.400001525878906,2.0299999713897705,4.099999904632568,198.3000030517578,2.299999952316284
1304445284,,PRESENT,,,,,45.4316,-121.7916,,,,1993-09-08,1993-09-08 00:00:00,45.44166666666667,-121.80833330000002,1993-09-08 00:00:00,300.0,0.0,0.008119999431073666,59.400001525878906,1.459999918937683,4.800000190734863,255.0,2.799999952316284
1304445283,,PRESENT,,,,,45.3266,-121.4856,,,,1997-07-30,1997-07-30 00:00:00,45.31666666666667,-121.47499996666667,1997-07-30 00:00:00,293.8999938964844,11.5,0.008539999835193157,49.29999923706055,0.6100000143051147,5.0,314.5,2.200000047683716
1304445279,,PRESENT,,,,,45.3004,-121.7929,,,,2003-07-24,2003-07-24 00:00:00,45.31666666666667,-121.80833330000002,2003-07-24 00:00:00,282.8999938964844,0.0,0.005889999680221081,28.5,1.2300000190734863,5.900000095367432,282.1000061035156,4.800000190734863
1304445278,,PRESENT,,,,,43.6489,-122.1111,,,,1985-08-31,1985-08-31 00:00:00,43.650000000000006,-122.09999996666667,1985-08-31 00:00:00,272.70001220703125,1.100000023841858,0.004859999753534794,41.60000228881836,0.5,3.799999952316284,281.0,2.0
1304445272,,PRESENT,,,,,44.2042,-122.3742,,,,2004-07-21,2004-07-21 00:00:00,44.19166666666667,-122.39166663333334,2004-07-21 00:00:00,302.0,0.0,0.01001999992877245,83.0999984741211,1.149999976158142,7.800000190734863,331.1000061035156,4.0
1304445270,,PRESENT,,,,,45.2751,-121.6667,,,,1996-07-01,1996-07-01 00:00:00,45.275000000000006,-121.68333330000002,1996-07-01 00:00:00,297.20001220703125,0.0,0.0074699996039271355,65.0,1.0099999904632568,6.5,351.5,2.299999952316284
1304445269,,PRESENT,,,,,43.5755,-122.1411,,,,2005-08-11,2005-08-11 00:00:00,43.56666666666667,-122.14166663333334,2005-08-11 00:00:00,277.70001220703125,0.0,0.0049600000493228436,31.200000762939453,0.9199999570846558,5.700000286102295,306.3000183105469,2.5
1304445265,,PRESENT,,,,,43.248,-122.2294,,,,2008-07-23,2008-07-23 00:00:00,43.233333333333334,-122.22499996666667,2008-07-23 00:00:00,275.70001220703125,0.0,0.005659999791532755,28.700000762939453,0.9799999594688416,6.700000286102295,337.6000061035156,3.1000001430511475
1304445261,,PRESENT,,,,,45.5343,-121.7868,,,,1997-07-15,1997-07-15 00:00:00,45.525000000000006,-121.76666663333334,1997-07-15 00:00:00,297.5,0.0,0.009279999881982803,47.5,0.75,6.599999904632568,342.0,4.5
1304445258,,PRESENT,"in woods of Abies grandis, Calocedrus decurrens.",,,,42.911,-122.5878,,,,1979-06-30,1979-06-30 00:00:00,42.900000000000006,-122.59999996666667,1979-06-30 00:00:00,289.20001220703125,2.0,0.005239999853074551,36.20000076293945,0.550000011920929,3.6000001430511475,244.0,3.1000001430511475
1304445257,,PRESENT,,,,,44.1209,-122.091,,,,2003-07-12,2003-07-12 00:00:00,44.108333333333334,-122.09999996666667,2003-07-12 00:00:00,281.5,0.0,0.00839999970048666,37.400001525878906,0.8100000023841858,5.300000190734863,322.20001220703125,4.700000286102295
1304445255,,PRESENT,,,,,43.2456,-122.3918,,,,2008-07-11,2008-07-11 00:00:00,43.233333333333334,-122.39166663333334,2008-07-11 00:00:00,280.0,0.0,0.004769999999552965,22.30000114440918,1.71999990940094,10.300000190734863,346.1000061035156,4.400000095367432
1304445254,,PRESENT,forest,,,,43.5818,-122.2657,,,,1979-07-28,1979-07-28 00:00:00,43.56666666666667,-122.26666663333334,1979-07-28 00:00:00,296.20001220703125,0.0,0.006539999973028898,32.900001525878906,0.9699999690055847,5.099999904632568,326.3000183105469,2.9000000953674316
1304445253,,PRESENT,forest,,,,44.3496,-122.1162,,,,1979-06-14,1979-06-14 00:00:00,44.358333333333334,-122.09999996666667,1979-06-14 00:00:00,288.0,0.0,0.0050999997183680534,40.900001525878906,0.4099999964237213,3.5,300.1000061035156,3.9000000953674316
1304445246,,PRESENT,,,,,45.1733,-117.6121,,,,2004-06-26,2004-06-26 00:00:00,45.19166666666667,-117.59999996666667,2004-06-26 00:00:00,296.1000061035156,0.4000000059604645,0.006430000066757202,59.400001525878906,1.149999976158142,8.100000381469727,351.0,4.300000190734863
1304445244,,PRESENT,,,,,43.579,-122.1434,,,,2005-08-11,2005-08-11 00:00:00,43.56666666666667,-122.14166663333334,2005-08-11 00:00:00,277.70001220703125,0.0,0.0049600000493228436,31.200000762939453,0.9199999570846558,5.700000286102295,306.3000183105469,2.5
1304445243,,PRESENT,forest,,,,44.3707,-122.0547,,,,1979-06-28,1979-06-28 00:00:00,44.358333333333334,-122.05833330000002,1979-06-28 00:00:00,298.20001220703125,0.30000001192092896,0.0067900000140070915,28.80000114440918,1.1799999475479126,5.800000190734863,350.0,2.799999952316284
1304445242,,PRESENT,"shaded moist roadside; dry to moist soils, 10% slope, S aspect.",,,,42.0047,-123.4157,,,,1992-05-24,1992-05-24 00:00:00,42.025000000000006,-123.43333330000002,1992-05-24 00:00:00,301.1000061035156,0.0,0.006509999744594097,50.0,1.649999976158142,8.699999809265137,367.70001220703125,3.0
1304445241,,PRESENT,,,,,45.3846,-121.8327,,,,1997-05-15,1997-05-15 00:00:00,45.400000000000006,-121.84999996666667,1997-05-15 00:00:00,295.70001220703125,0.0,0.009029999375343323,47.60000228881836,0.6399999856948853,6.300000190734863,385.3999938964844,3.4000000953674316
1304445236,,PRESENT,,,,,44.4127,-122.086,,,,1994-08-10,1994-08-10 00:00:00,44.400000000000006,-122.09999996666667,1994-08-10 00:00:00,282.20001220703125,0.0,0.007829999551177025,76.5999984741211,1.100000023841858,5.0,312.6000061035156,2.299999952316284
1304445234,,PRESENT,under a clump of Abies lasiocarpa.,,,,44.4055,-121.8757,,,,1995-07-23,1995-07-23 00:00:00,44.400000000000006,-121.89166663333334,1995-07-23 00:00:00,294.70001220703125,0.0,0.008259999565780163,42.400001525878906,0.6200000047683716,4.599999904632568,330.3999938964844,2.700000047683716
1304445233,,PRESENT,,,,,44.5795,-121.7579,,,,2006-06-27,2006-06-27 00:00:00,44.56666666666667,-121.76666663333334,2006-06-27 00:00:00,286.5,0.0,0.006979999598115683,30.399999618530273,1.4499999284744263,6.700000286102295,355.6000061035156,3.6000001430511475
1304445231,,PRESENT,,,,,45.4017,-121.7598,,,,2000-07-15,2000-07-15 00:00:00,45.400000000000006,-121.76666663333334,2000-07-15 00:00:00,277.29998779296875,0.0,0.006449999753385782,44.60000228881836,0.6899999976158142,4.800000190734863,355.1000061035156,3.200000047683716
1304445230,,PRESENT,,,,,45.2615,-121.6296,,,,1991-07-27,1991-07-27 00:00:00,45.275000000000006,-121.64166663333334,1991-07-27 00:00:00,281.20001220703125,0.0,0.008189999498426914,84.0999984741211,0.8100000023841858,6.0,326.5,2.9000000953674316
1304445226,,PRESENT,,,,,45.2794,-121.6756,,,,1987-07-25,1987-07-25 00:00:00,45.275000000000006,-121.68333330000002,1987-07-25 00:00:00,291.20001220703125,0.0,0.008049999363720417,100.0,0.41999998688697815,4.200000286102295,336.8999938964844,4.0
1304445225,,PRESENT,,,,,43.8921,-122.5141,,,,2002-06-30,2002-06-30 00:00:00,43.900000000000006,-122.51666663333334,2002-06-30 00:00:00,282.79998779296875,0.0,0.007659999653697014,90.9000015258789,0.6899999976158142,4.700000286102295,245.90000915527344,2.299999952316284
1304445224,,PRESENT,,,,,45.0932,-121.8567,,,,1996-09-18,1996-09-18 00:00:00,45.108333333333334,-121.84999996666667,1996-09-18 00:00:00,275.79998779296875,3.0,0.006289999932050705,49.5,0.4099999964237213,3.299999952316284,192.6999969482422,3.799999952316284
1304445223,,PRESENT,,,,,44.4092,-121.8757,,,,2003-08-14,2003-08-14 00:00:00,44.400000000000006,-121.89166663333334,2003-08-14 00:00:00,281.20001220703125,0.0,0.005709999706596136,23.200000762939453,1.7799999713897705,6.0,309.70001220703125,2.799999952316284
1304445222,,PRESENT,,,,,45.1236,-121.8045,,,,1992-05-01,1992-05-01 00:00:00,45.108333333333334,-121.80833330000002,1992-05-01 00:00:00,289.5,0.699999988079071,0.003709999844431877,99.9000015258789,0.6200000047683716,4.099999904632568,368.0,1.7000000476837158
1304445221,,PRESENT,,,,,45.4336,-121.5824,,,,1997-08-11,1997-08-11 00:00:00,45.44166666666667,-121.59999996666667,1997-08-11 00:00:00,299.5,0.0,0.007289999630302191,35.29999923706055,1.3600000143051147,6.599999904632568,309.8999938964844,2.4000000953674316
1304445220,,PRESENT,,,,,45.3174,-121.4473,,,,1996-08-17,1996-08-17 00:00:00,45.31666666666667,-121.43333330000002,1996-08-17 00:00:00,290.6000061035156,0.0,0.006199999712407589,95.0,0.5799999833106995,5.0,282.6000061035156,4.300000190734863
1304445216,,PRESENT,,,,,45.4474,-121.7045,,,,1997-06-06,1997-06-06 00:00:00,45.44166666666667,-121.72499996666667,1997-06-06 00:00:00,287.1000061035156,1.600000023841858,0.005690000019967556,46.60000228881836,0.35999998450279236,3.700000047683716,252.5,3.1000001430511475
1304445213,,PRESENT,,,,,44.4196,-123.6743,,,,2007-05-14,2007-05-14 00:00:00,44.400000000000006,-123.68333330000002,2007-05-14 00:00:00,298.1000061035156,0.0,0.007269999943673611,49.10000228881836,0.8499999642372131,6.700000286102295,358.8999938964844,3.5
1304445211,,PRESENT,forest,,,,44.3853,-122.0854,,,,1979-06-27,1979-06-27 00:00:00,44.400000000000006,-122.09999996666667,1979-06-27 00:00:00,296.8999938964844,0.0,0.006089999806135893,29.899999618530273,1.1399999856948853,5.400000095367432,355.8000183105469,2.0
1304445210,,PRESENT,,,,,44.8096,-122.0886,,,,2006-10-05,2006-10-05 00:00:00,44.81666666666667,-122.09999996666667,2006-10-05 00:00:00,291.1000061035156,0.0,0.006730000022798777,49.29999923706055,0.5199999809265137,3.1000001430511475,190.8000030517578,2.799999952316284
1304445208,,PRESENT,forest,,,,43.3897,-122.4056,,,,1979-08-03,1979-08-03 00:00:00,43.400000000000006,-122.39166663333334,1979-08-03 00:00:00,295.29998779296875,0.0,0.006569999735802412,32.0,0.8799999952316284,5.099999904632568,330.3999938964844,3.6000001430511475
1304445207,,PRESENT,,,,,43.6591,-122.1034,,,,1994-08-02,1994-08-02 00:00:00,43.650000000000006,-122.09999996666667,1994-08-02 00:00:00,280.1000061035156,0.0,0.008969999849796295,95.9000015258789,0.6399999856948853,4.5,310.8999938964844,2.6000001430511475
1304445205,,PRESENT,edge of clearcut forest; abundant in disturbed soils along southern margin of clearcut; southeastern aspect.,,,,45.7418,-117.9815,,,,1994-08-01,1994-08-01 00:00:00,45.733333333333334,-117.97499996666667,1994-08-01 00:00:00,283.8999938964844,2.0,0.005619999952614307,51.900001525878906,1.7599999904632568,6.0,299.6000061035156,2.9000000953674316
1304445204,,PRESENT,,,,,45.4824,-121.7198,,,,1995-08-08,1995-08-08 00:00:00,45.483333333333334,-121.72499996666667,1995-08-08 00:00:00,290.0,0.0,0.00723999971523881,65.30000305175781,0.3799999952316284,3.5,287.20001220703125,3.6000001430511475
1304445202,,PRESENT,,,,,45.073,-121.7914,,,,1991-06-14,1991-06-14 00:00:00,45.06666666666667,-121.80833330000002,1991-06-14 00:00:00,272.0,0.0,0.005339999683201313,100.0,0.23999999463558197,3.799999952316284,352.70001220703125,3.700000047683716
1304445201,,PRESENT,,,,,45.2302,-121.7081,,,,1996-07-31,1996-07-31 00:00:00,45.233333333333334,-121.72499996666667,1996-07-31 00:00:00,297.8999938964844,0.0,0.006289999932050705,78.4000015258789,1.1699999570846558,7.200000286102295,330.5,3.200000047683716
1304445200,,PRESENT,,,,,45.5256,-122.0947,,,,2001-01-19,2001-01-19 00:00:00,45.525000000000006,-122.09999996666667,2001-01-19 00:00:00,273.20001220703125,9.0,0.0034299998078495264,66.9000015258789,0.04999999701976776,0.30000001192092896,65.4000015258789,2.200000047683716
1304445199,,PRESENT,,,,,45.217,-121.825,,,,1996-07-03,1996-07-03 00:00:00,45.233333333333334,-121.80833330000002,1996-07-03 00:00:00,293.1000061035156,0.6000000238418579,0.008220000192523003,78.20000457763672,0.6200000047683716,5.599999904632568,250.8000030517578,5.5
1304445197,,PRESENT,"forest, herbland",,,,43.7918,-122.7222,,,,1996-06-15,1996-06-15 00:00:00,43.775000000000006,-122.72499996666667,1996-06-15 00:00:00,293.8999938964844,1.7000000476837158,0.007499999832361937,83.80000305175781,0.5899999737739563,6.0,358.0,4.700000286102295
1304445196,,PRESENT,,,,,45.3002,-121.7924,,,,2003-07-24,2003-07-24 00:00:00,45.31666666666667,-121.80833330000002,2003-07-24 00:00:00,282.8999938964844,0.0,0.005889999680221081,28.5,1.2300000190734863,5.900000095367432,282.1000061035156,4.800000190734863
1304445195,,PRESENT,,,,,43.8261,-122.2327,,,,2006-09-09,2006-09-09 00:00:00,43.81666666666667,-122.22499996666667,2006-09-09 00:00:00,287.20001220703125,0.0,0.00752999959513545,49.5,0.1599999964237213,2.6000001430511475,239.60000610351562,3.5
1304445187,,PRESENT,,,,,45.137,-121.6064,,,,1998-06-02,1998-06-02 00:00:00,45.150000000000006,-121.59999996666667,1998-06-02 00:00:00,290.8999938964844,0.9000000357627869,0.007089999970048666,99.30000305175781,0.41999998688697815,4.0,324.20001220703125,2.700000047683716
1304445185,,PRESENT,forest,,,,43.7575,-122.1063,,,,1979-07-30,1979-07-30 00:00:00,43.775000000000006,-122.09999996666667,1979-07-30 00:00:00,297.5,0.0,0.006339999847114086,30.700000762939453,1.1299999952316284,5.099999904632568,322.3000183105469,2.1000001430511475
1304445184,,PRESENT,"forest, herbland",,,,43.7357,-122.1573,,,,1999-07-25,1999-07-25 00:00:00,43.733333333333334,-122.14166663333334,1999-07-25 00:00:00,296.5,0.0,0.006219999864697456,34.29999923706055,0.949999988079071,5.599999904632568,330.3999938964844,1.7000000476837158
1304445180,,PRESENT,,,,,44.987,-121.7407,,,,1991-08-21,1991-08-21 00:00:00,44.983333333333334,-121.72499996666667,1991-08-21 00:00:00,284.20001220703125,0.0,0.007009999826550484,63.400001525878906,1.5799999237060547,7.599999904632568,289.5,3.200000047683716
1304445178,,PRESENT,,,,,44.9688,-121.9771,,,,1997-07-18,1997-07-18 00:00:00,44.983333333333334,-121.97499996666667,1997-07-18 00:00:00,295.20001220703125,0.0,0.00791999977082014,47.60000228881836,0.6499999761581421,5.800000190734863,340.1000061035156,3.6000001430511475
1304445177,,PRESENT,forest,,,,44.0672,-122.1162,,,,1979-07-09,1979-07-09 00:00:00,44.06666666666667,-122.09999996666667,1979-07-09 00:00:00,293.6000061035156,14.800000190734863,0.007609999738633633,41.0,0.6599999666213989,3.4000000953674316,154.90000915527344,4.300000190734863
1304445176,,PRESENT,,,,,43.6101,-122.119,,,,2008-08-04,2008-08-04 00:00:00,43.608333333333334,-122.09999996666667,2008-08-04 00:00:00,279.79998779296875,0.0,0.007069999817758799,37.400001525878906,1.100000023841858,6.700000286102295,319.20001220703125,2.9000000953674316
1304445175,,PRESENT,,,,,45.4352,-121.9633,,,,1997-08-12,1997-08-12 00:00:00,45.44166666666667,-121.97499996666667,1997-08-12 00:00:00,299.79998779296875,0.0,0.008630000054836273,42.29999923706055,1.149999976158142,5.900000095367432,304.8999938964844,1.899999976158142
1304445170,,PRESENT,,,,,43.6724,-122.1087,,,,1994-08-02,1994-08-02 00:00:00,43.69166666666667,-122.09999996666667,1994-08-02 00:00:00,281.29998779296875,0.0,0.008999999612569809,92.0999984741211,0.8499999642372131,4.900000095367432,310.8999938964844,2.6000001430511475
1304445168,,PRESENT,,,,,45.2705,-121.6527,,,,1991-08-08,1991-08-08 00:00:00,45.275000000000006,-121.64166663333334,1991-08-08 00:00:00,284.5,0.699999988079071,0.009990000165998936,97.70000457763672,0.6800000071525574,5.300000190734863,267.3000183105469,3.700000047683716
1304445166,,PRESENT,,,,,45.2678,-121.7364,,,,2003-07-15,2003-07-15 00:00:00,45.275000000000006,-121.72499996666667,2003-07-15 00:00:00,282.6000061035156,0.0,0.007569999899715185,37.5,0.9699999690055847,5.800000190734863,337.8999938964844,4.700000286102295
1304445165,,PRESENT,,,,,43.5023,-122.7128,,,,1995-07-15,1995-07-15 00:00:00,43.483333333333334,-122.72499996666667,1995-07-15 00:00:00,300.3999938964844,0.30000001192092896,0.009739999659359455,48.79999923706055,0.9699999690055847,5.900000095367432,340.1000061035156,4.599999904632568
1304445154,,PRESENT,,,,,44.5267,-122.0787,,,,2008-10-22,2008-10-22 00:00:00,44.525000000000006,-122.05833330000002,2008-10-22 00:00:00,277.20001220703125,0.0,0.0036299999337643385,31.899999618530273,0.8899999856948853,4.5,162.10000610351562,3.700000047683716
1304445149,,PRESENT,forest,,,,44.3637,-122.0647,,,,1997-06-11,1997-06-11 00:00:00,44.358333333333334,-122.05833330000002,1997-06-11 00:00:00,291.0,3.799999952316284,0.007449999917298555,48.20000076293945,0.4699999988079071,4.5,255.8000030517578,4.0
1304445148,,PRESENT,,,,,43.5926,-122.538,,,,2008-09-11,2008-09-11 00:00:00,43.608333333333334,-122.55833330000002,2008-09-11 00:00:00,284.8999938964844,0.0,0.004720000084489584,23.0,1.7699999809265137,7.400000095367432,254.3000030517578,3.1000001430511475
1304445147,,PRESENT,,,,,45.3172,-121.6041,,,,1993-06-28,1993-06-28 00:00:00,45.31666666666667,-121.59999996666667,1993-06-28 00:00:00,283.1000061035156,1.5,0.005189999938011169,97.5,0.22999998927116394,2.799999952316284,286.1000061035156,5.800000190734863
1304445146,,PRESENT,,,,,45.3135,-121.4408,,,,1996-08-17,1996-08-17 00:00:00,45.31666666666667,-121.43333330000002,1996-08-17 00:00:00,290.6000061035156,0.0,0.006199999712407589,95.0,0.5799999833106995,5.0,282.6000061035156,4.300000190734863
1304445144,,PRESENT,,,,,44.4795,-121.9923,,,,1996-08-13,1996-08-13 00:00:00,44.483333333333334,-121.97499996666667,1996-08-13 00:00:00,305.70001220703125,0.6000000238418579,0.0073899999260902405,56.5,2.049999952316284,7.599999904632568,304.1000061035156,2.1000001430511475
1304445143,,PRESENT,,,,,45.2104,-121.7751,,,,1992-07-03,1992-07-03 00:00:00,45.19166666666667,-121.76666663333334,1992-07-03 00:00:00,294.0,8.600000381469727,0.008820000104606152,98.30000305175781,0.4699999988079071,4.900000095367432,324.3999938964844,2.200000047683716
1304445140,,PRESENT,,,,,45.2407,-121.565,,,,1993-08-24,1993-08-24 00:00:00,45.233333333333334,-121.55833330000002,1993-08-24 00:00:00,285.1000061035156,1.8000000715255737,0.005270000081509352,92.5999984741211,0.3100000023841858,2.9000000953674316,273.6000061035156,5.400000095367432
1304445136,,PRESENT,,,,,45.0988,-121.8649,,,,1996-09-06,1996-09-06 00:00:00,45.108333333333334,-121.84999996666667,1996-09-06 00:00:00,275.79998779296875,3.299999952316284,0.0059899999760091305,46.10000228881836,0.5299999713897705,3.6000001430511475,203.0,2.700000047683716
1304445133,,PRESENT,forest,,,,43.5672,-122.2457,,,,1979-07-28,1979-07-28 00:00:00,43.56666666666667,-122.22499996666667,1979-07-28 00:00:00,296.6000061035156,0.0,0.006579999811947346,31.600000381469727,1.0,5.200000286102295,326.6000061035156,3.0
1304445126,,PRESENT,,,,,43.9482,-121.9155,,,,2006-08-29,2006-08-29 00:00:00,43.94166666666667,-121.93333330000002,2006-08-29 00:00:00,275.79998779296875,0.0,0.0063299997709691525,25.200000762939453,0.47999998927116394,3.5,281.3000183105469,3.700000047683716
1304445125,,PRESENT,,,,,45.0932,-121.8768,,,,1996-08-29,1996-08-29 00:00:00,45.108333333333334,-121.89166663333334,1996-08-29 00:00:00,302.1000061035156,0.0,0.007999999448657036,66.9000015258789,1.6100000143051147,7.599999904632568,273.3999938964844,3.4000000953674316
1304445124,,PRESENT,forest,,,,43.5744,-122.3253,,,,1979-07-29,1979-07-29 00:00:00,43.56666666666667,-122.30833330000002,1979-07-29 00:00:00,298.6000061035156,0.0,0.005969999823719263,28.30000114440918,1.3199999332427979,5.400000095367432,326.5,2.200000047683716
1304445123,,PRESENT,,,,,45.2741,-121.6835,,,,1996-08-16,1996-08-16 00:00:00,45.275000000000006,-121.68333330000002,1996-08-16 00:00:00,294.29998779296875,1.399999976158142,0.006319999694824219,69.5999984741211,0.85999995470047,6.800000190734863,293.3000183105469,5.400000095367432
1304445118,,PRESENT,,,,,45.4353,-121.8075,,,,2005-08-23,2005-08-23 00:00:00,45.44166666666667,-121.80833330000002,2005-08-23 00:00:00,279.6000061035156,0.0,0.005429999902844429,38.900001525878906,0.7400000095367432,6.5,294.8000183105469,6.599999904632568
1304445117,,PRESENT,edge of woods,,,,44.2142,-121.8936,,,,1995-09-08,1995-09-08 00:00:00,44.233333333333334,-121.89166663333334,1995-09-08 00:00:00,291.20001220703125,0.0,0.006839999929070473,100.0,0.4099999964237213,3.0,252.6999969482422,3.700000047683716
1304445114,,PRESENT,forest,,,,44.4145,-122.0935,,,,1979-06-28,1979-06-28 00:00:00,44.400000000000006,-122.09999996666667,1979-06-28 00:00:00,296.0,0.4000000059604645,0.006300000008195639,30.100000381469727,1.0199999809265137,5.5,343.6000061035156,2.799999952316284
1304445113,,PRESENT,,,,,44.6953,-122.3196,,,,1996-11-05,1996-11-05 00:00:00,44.69166666666667,-122.30833330000002,1996-11-05 00:00:00,270.79998779296875,5.0,0.004139999859035015,76.4000015258789,0.04999999701976776,0.6000000238418579,62.5,3.700000047683716
1304445110,,PRESENT,forest,,,,44.3854,-122.075,,,,1979-06-27,1979-06-27 00:00:00,44.400000000000006,-122.05833330000002,1979-06-27 00:00:00,298.5,0.0,0.006309999618679285,28.0,1.2599999904632568,5.700000286102295,363.3999938964844,2.0
1304445105,,PRESENT,forest,,,,44.4434,-122.0834,,,,1979-06-29,1979-06-29 00:00:00,44.44166666666667,-122.09999996666667,1979-06-29 00:00:00,289.6000061035156,0.0,0.006000000052154064,35.70000076293945,0.5199999809265137,4.400000095367432,339.3999938964844,5.0
1304445101,,PRESENT,,,,,45.1998,-117.0743,,,,1982-07-05,1982-07-05 00:00:00,45.19166666666667,-117.05833330000002,1982-07-05 00:00:00,286.8999938964844,0.4000000059604645,0.004369999747723341,69.9000015258789,0.5899999737739563,5.200000286102295,288.6000061035156,3.9000000953674316
1304445099,,PRESENT,,,,,45.4032,-121.5641,,,,1997-08-14,1997-08-14 00:00:00,45.400000000000006,-121.55833330000002,1997-08-14 00:00:00,300.1000061035156,0.0,0.009879999794065952,39.400001525878906,1.0099999904632568,7.099999904632568,299.5,4.5
1304445097,,PRESENT,,,,,43.8564,-122.4657,,,,1996-11-06,1996-11-06 00:00:00,43.858333333333334,-122.47499996666667,1996-11-06 00:00:00,271.79998779296875,4.800000190734863,0.0046699997037649155,76.30000305175781,0.04999999701976776,0.699999988079071,47.20000076293945,5.800000190734863
1304445096,,PRESENT,,,,,44.7207,-121.9373,,,,2003-07-25,2003-07-25 00:00:00,44.733333333333334,-121.93333330000002,2003-07-25 00:00:00,280.70001220703125,0.0,0.006459999829530716,25.700000762939453,1.209999918937683,5.0,284.8000183105469,2.4000000953674316
1304445095,,PRESENT,,,,,45.4611,-121.8447,,,,2005-08-30,2005-08-30 00:00:00,45.44166666666667,-121.84999996666667,2005-08-30 00:00:00,280.6000061035156,0.9000000357627869,0.006199999712407589,48.70000076293945,0.6699999570846558,5.200000286102295,267.70001220703125,4.300000190734863
1304445093,,PRESENT,,,,,45.1639,-121.6328,,,,1998-06-09,1998-06-09 00:00:00,45.150000000000006,-121.64166663333334,1998-06-09 00:00:00,293.79998779296875,0.699999988079071,0.008089999668300152,90.5999984741211,0.5799999833106995,4.900000095367432,355.5,5.400000095367432
1304445091,,PRESENT,woods.,,,,44.6477,-122.0028,,,,1988-08-26,1988-08-26 00:00:00,44.650000000000006,-122.01666663333334,1988-08-26 00:00:00,282.6000061035156,0.0,0.006409999914467335,28.80000114440918,1.3299999237060547,4.800000190734863,283.5,2.4000000953674316
1304445090,,PRESENT,,,,,44.5134,-122.632,,,,1995-08-10,1995-08-10 00:00:00,44.525000000000006,-122.64166663333334,1995-08-10 00:00:00,293.20001220703125,7.200000286102295,0.00925000011920929,53.60000228881836,0.4099999964237213,3.1000001430511475,207.10000610351562,4.200000286102295
1304445089,,PRESENT,"forest of Pinus contorta, Abies lasiocarpa.",,,,44.9599,-118.5654,,,,1980-07-21,1980-07-21 00:00:00,44.94166666666667,-118.55833330000002,1980-07-21 00:00:00,301.8999938964844,0.0,0.007029999978840351,60.10000228881836,1.7599999904632568,8.0,319.0,2.700000047683716
1304445088,,PRESENT,,,,,45.468,-121.7091,,,,1994-05-25,1994-05-25 00:00:00,45.483333333333334,-121.72499996666667,1994-05-25 00:00:00,281.3999938964844,0.0,0.007459999993443489,84.5999984741211,0.3799999952316284,3.9000000953674316,325.8000183105469,7.099999904632568
1304445087,,PRESENT,,,,,44.779,-122.2234,,,,2003-06-16,2003-06-16 00:00:00,44.775000000000006,-122.22499996666667,2003-06-16 00:00:00,279.1000061035156,0.0,0.007029999978840351,40.5,0.9899999499320984,5.5,336.6000061035156,3.299999952316284
1304445084,,PRESENT,,,,,45.1757,-121.6231,,,,1998-05-21,1998-05-21 00:00:00,45.19166666666667,-121.64166663333334,1998-05-21 00:00:00,281.79998779296875,0.5,0.005760000087320805,100.0,0.08999999612569809,2.0,259.70001220703125,7.099999904632568
1304445083,,PRESENT,,,,,42.0639,-123.304,,,,1998-07-13,1998-07-13 00:00:00,42.06666666666667,-123.30833330000002,1998-07-13 00:00:00,295.8999938964844,0.0,0.007439999841153622,67.80000305175781,0.9399999976158142,5.300000190734863,347.0,2.299999952316284
1304445082,,PRESENT,,,,,43.9408,-121.9053,,,,2006-08-29,2006-08-29 00:00:00,43.94166666666667,-121.89166663333334,2006-08-29 00:00:00,275.1000061035156,0.0,0.006099999882280827,24.600000381469727,0.4599999785423279,3.4000000953674316,281.1000061035156,3.6000001430511475
1304445078,,PRESENT,forest,,,,45.1038,-122.0143,,,,1979-07-19,1979-07-19 00:00:00,45.108333333333334,-122.01666663333334,1979-07-19 00:00:00,302.79998779296875,0.0,0.009080000221729279,31.899999618530273,1.5299999713897705,6.800000190734863,334.1000061035156,4.099999904632568
1304445077,,PRESENT,"subalpine Picea engelmanii/Pinus contorta forest near creek, shrub story dominated by Vaccinium membranaceum.",,,,44.3268,-118.6764,,,,1995-08-16,1995-08-16 00:00:00,44.31666666666667,-118.68333330000002,1995-08-16 00:00:00,292.5,0.6000000238418579,0.005789999850094318,26.700000762939453,0.9399999976158142,4.5,240.8000030517578,3.9000000953674316
1304445075,,PRESENT,forest,,,,43.6997,-122.2172,,,,1979-07-27,1979-07-27 00:00:00,43.69166666666667,-122.22499996666667,1979-07-27 00:00:00,299.20001220703125,0.0,0.0081599997356534,24.80000114440918,1.1799999475479126,5.700000286102295,323.8999938964844,3.1000001430511475
1304445070,,PRESENT,,,,,45.2103,-121.755,,,,1996-07-29,1996-07-29 00:00:00,45.19166666666667,-121.76666663333334,1996-07-29 00:00:00,300.6000061035156,0.0,0.00913000013679266,73.70000457763672,1.2899999618530273,7.599999904632568,325.70001220703125,3.4000000953674316
1304445069,,PRESENT,,,,,44.2836,-121.8465,,,,2001-01-19,2001-01-19 00:00:00,44.275000000000006,-121.84999996666667,2001-01-19 00:00:00,275.29998779296875,2.799999952316284,0.003069999860599637,50.0,0.14000000059604645,0.6000000238418579,79.5,3.0
1304445064,,PRESENT,,,,,44.0401,-122.0631,,,,1999-07-31,1999-07-31 00:00:00,44.025000000000006,-122.05833330000002,1999-07-31 00:00:00,296.20001220703125,1.5,0.007929999381303787,39.79999923706055,0.7899999618530273,5.599999904632568,300.3999938964844,2.799999952316284
1304445063,,PRESENT,"forest, herbland, shrubland",,,,44.8005,-118.5658,,,,1987-07-20,1987-07-20 00:00:00,44.81666666666667,-118.55833330000002,1987-07-20 00:00:00,292.5,2.1000001430511475,0.004979999735951424,70.80000305175781,0.9099999666213989,4.099999904632568,219.10000610351562,3.1000001430511475
1304445058,,PRESENT,,,,,45.0308,-121.7887,,,,1996-08-15,1996-08-15 00:00:00,45.025000000000006,-121.80833330000002,1996-08-15 00:00:00,297.3999938964844,0.0,0.006199999712407589,75.5999984741211,1.1299999952316284,6.400000095367432,298.8999938964844,2.799999952316284
1304445056,,PRESENT,forest,,,,44.76,-121.8426,,,,1979-09-16,1979-09-16 00:00:00,44.775000000000006,-121.84999996666667,1979-09-16 00:00:00,294.8999938964844,0.0,0.00612999964505434,76.80000305175781,0.9899999499320984,4.900000095367432,240.90000915527344,2.5
1304445044,,PRESENT,,,,,44.2799,-122.1424,,,,1999-07-30,1999-07-30 00:00:00,44.275000000000006,-122.14166663333334,1999-07-30 00:00:00,299.20001220703125,0.0,0.008169999346137047,36.10000228881836,1.0299999713897705,6.0,309.3999938964844,2.1000001430511475
1304445041,,PRESENT,forest,,,,44.7459,-122.2293,,,,1979-09-15,1979-09-15 00:00:00,44.733333333333334,-122.22499996666667,1979-09-15 00:00:00,299.6000061035156,0.0,0.0073899999260902405,65.0,1.4800000190734863,6.300000190734863,186.6999969482422,3.299999952316284
1304445037,,PRESENT,,,,,43.7621,-122.6182,,,,2000-07-01,2000-07-01 00:00:00,43.775000000000006,-122.59999996666667,2000-07-01 00:00:00,283.79998779296875,0.0,0.00865000020712614,52.70000076293945,0.5799999833106995,4.300000190734863,277.1000061035156,4.0
1304445033,,PRESENT,,,,,43.4414,-122.4001,,,,2002-08-05,2002-08-05 00:00:00,43.44166666666667,-122.39166663333334,2002-08-05 00:00:00,275.6000061035156,0.0,0.006089999806135893,100.0,0.47999998927116394,4.200000286102295,267.8999938964844,2.9000000953674316
1304445031,,PRESENT,,,,,45.184,-121.6311,,,,1997-07-02,1997-07-02 00:00:00,45.19166666666667,-121.64166663333334,1997-07-02 00:00:00,292.5,0.0,0.006279999855905771,47.400001525878906,0.6399999856948853,5.599999904632568,353.3999938964844,3.0
1304445029,,PRESENT,,,,,45.0932,-121.8567,,,,1996-08-28,1996-08-28 00:00:00,45.108333333333334,-121.84999996666667,1996-08-28 00:00:00,298.6000061035156,1.0,0.007059999741613865,82.0,1.100000023841858,5.200000286102295,208.3000030517578,2.5
1304445027,,PRESENT,,,,,45.418,-121.3693,,,,1996-05-28,1996-05-28 00:00:00,45.400000000000006,-121.34999996666667,1996-05-28 00:00:00,285.20001220703125,1.100000023841858,0.004809999838471413,100.0,0.3400000035762787,3.799999952316284,259.6000061035156,4.800000190734863
1304445025,,PRESENT,,,,,44.4163,-122.096,,,,1994-08-10,1994-08-10 00:00:00,44.400000000000006,-122.09999996666667,1994-08-10 00:00:00,282.20001220703125,0.0,0.007829999551177025,76.5999984741211,1.100000023841858,5.0,312.6000061035156,2.299999952316284
1304445017,,PRESENT,,,,,43.9354,-121.8926,,,,2006-08-31,2006-08-31 00:00:00,43.94166666666667,-121.89166663333334,2006-08-31 00:00:00,292.20001220703125,0.0,0.0040699997916817665,24.80000114440918,0.8700000047683716,6.200000286102295,283.3999938964844,4.400000095367432
1304445015,,PRESENT,,,,,45.0932,-121.8567,,,,1996-08-29,1996-08-29 00:00:00,45.108333333333334,-121.84999996666667,1996-08-29 00:00:00,303.29998779296875,0.0,0.007609999738633633,65.70000457763672,1.7899999618530273,8.100000381469727,272.8999938964844,3.5
1304445014,,PRESENT,,,,,45.1321,-121.6092,,,,1998-06-26,1998-06-26 00:00:00,45.150000000000006,-121.59999996666667,1998-06-26 00:00:00,285.29998779296875,1.2000000476837158,0.006139999721199274,100.0,0.23999999463558197,2.4000000953674316,185.40000915527344,6.200000286102295
1304445009,,PRESENT,forest,,,,44.8915,-122.0953,,,,1979-07-20,1979-07-20 00:00:00,44.900000000000006,-122.09999996666667,1979-07-20 00:00:00,299.6000061035156,0.0,0.008539999835193157,33.60000228881836,1.2200000286102295,6.300000190734863,324.8000183105469,4.900000095367432
1304445006,,PRESENT,,,,,45.1647,-121.6958,,,,1996-07-11,1996-07-11 00:00:00,45.150000000000006,-121.68333330000002,1996-07-11 00:00:00,301.1000061035156,0.0,0.006519999820739031,60.5,1.5099999904632568,9.199999809265137,347.1000061035156,4.099999904632568
1304445005,,PRESENT,,,,,45.2247,-121.7358,,,,1996-08-01,1996-08-01 00:00:00,45.233333333333334,-121.72499996666667,1996-08-01 00:00:00,293.1000061035156,0.0,0.005949999671429396,70.4000015258789,0.8399999737739563,7.200000286102295,326.70001220703125,6.099999904632568
1304445000,,PRESENT,,,,,43.5924,-122.0956,,,,2005-09-01,2005-09-01 00:00:00,43.608333333333334,-122.09999996666667,2005-09-01 00:00:00,296.0,0.0,0.006209999788552523,68.0,1.0299999713897705,5.5,269.3999938964844,2.6000001430511475
1304444995,,PRESENT,forest,,,,42.2028,-123.4603,,,,1979-08-08,1979-08-08 00:00:00,42.19166666666667,-123.47499996666667,1979-08-08 00:00:00,300.20001220703125,0.0,0.007189999800175428,29.5,1.3299999237060547,6.0,329.1000061035156,3.5
1304444994,,PRESENT,,,,,45.2105,-121.8568,,,,1992-06-26,1992-06-26 00:00:00,45.19166666666667,-121.84999996666667,1992-06-26 00:00:00,296.20001220703125,0.0,0.0088900001719594,82.5,0.7400000095367432,6.5,317.5,4.900000095367432
1304444991,,PRESENT,,,,,44.1613,-121.9304,,,,1999-08-01,1999-08-01 00:00:00,44.150000000000006,-121.93333330000002,1999-08-01 00:00:00,298.79998779296875,0.800000011920929,0.007829999551177025,35.79999923706055,1.090000033378601,6.300000190734863,318.8000183105469,2.4000000953674316
1304444990,,PRESENT,forest,,,,44.3351,-122.1061,,,,1979-06-14,1979-06-14 00:00:00,44.31666666666667,-122.09999996666667,1979-06-14 00:00:00,288.79998779296875,0.0,0.0051299999468028545,39.900001525878906,0.44999998807907104,3.6000001430511475,294.8000183105469,3.9000000953674316
1304444988,,PRESENT,,,,,45.4824,-121.6992,,,,1994-05-25,1994-05-25 00:00:00,45.483333333333334,-121.68333330000002,1994-05-25 00:00:00,281.79998779296875,0.0,0.007249999791383743,81.9000015258789,0.44999998807907104,4.200000286102295,330.8000183105469,6.800000190734863
1304444987,,PRESENT,forest,,,,44.8035,-121.7917,,,,1979-09-16,1979-09-16 00:00:00,44.81666666666667,-121.80833330000002,1979-09-16 00:00:00,294.0,0.0,0.005649999715387821,74.0,0.9699999690055847,4.800000190734863,240.90000915527344,2.5
1304444986,,PRESENT,,,,,45.0558,-121.806,,,,1998-09-18,1998-09-18 00:00:00,45.06666666666667,-121.80833330000002,1998-09-18 00:00:00,277.1000061035156,12.699999809265137,0.006889999844133854,42.70000076293945,0.17000000178813934,1.5,100.20000457763672,7.700000286102295
1304444982,,PRESENT,,,,,45.549,-121.8083,,,,1993-07-14,1993-07-14 00:00:00,45.56666666666667,-121.80833330000002,1993-07-14 00:00:00,285.6000061035156,0.800000011920929,0.006730000022798777,100.0,0.25,2.299999952316284,162.40000915527344,6.200000286102295
1304444978,,PRESENT,,,,,45.185,-121.8211,,,,1992-07-22,1992-07-22 00:00:00,45.19166666666667,-121.80833330000002,1992-07-22 00:00:00,288.3999938964844,1.2000000476837158,0.00798999983817339,100.0,0.25999999046325684,3.700000047683716,266.6000061035156,6.599999904632568
1304444976,,PRESENT,,,,,44.5067,-122.0712,,,,1994-08-29,1994-08-29 00:00:00,44.525000000000006,-122.05833330000002,1994-08-29 00:00:00,280.70001220703125,0.0,0.0074699996039271355,99.20000457763672,0.6599999666213989,3.799999952316284,278.6000061035156,2.700000047683716
1304444975,,PRESENT,,,,,45.1936,-122.2406,,,,1995-09-12,1995-09-12 00:00:00,45.19166666666667,-122.22499996666667,1995-09-12 00:00:00,298.1000061035156,0.0,0.008779999800026417,87.5,0.8799999952316284,3.9000000953674316,242.60000610351562,3.200000047683716
1304444973,,PRESENT,,,,,45.4263,-121.9288,,,,2005-08-23,2005-08-23 00:00:00,45.44166666666667,-121.93333330000002,2005-08-23 00:00:00,279.20001220703125,0.0,0.0052999998442828655,37.70000076293945,0.75,6.099999904632568,289.8999938964844,5.200000286102295
1304444971,,PRESENT,,,,,45.2705,-121.6527,,,,1991-08-08,1991-08-08 00:00:00,45.275000000000006,-121.64166663333334,1991-08-08 00:00:00,284.5,0.699999988079071,0.009990000165998936,97.70000457763672,0.6800000071525574,5.300000190734863,267.3000183105469,3.700000047683716
1304444970,,PRESENT,forest,,,,43.0364,-122.4647,,,,1979-08-05,1979-08-05 00:00:00,43.025000000000006,-122.47499996666667,1979-08-05 00:00:00,295.70001220703125,0.0,0.006949999835342169,33.60000228881836,0.8299999833106995,5.099999904632568,327.3000183105469,4.200000286102295
1304444965,,PRESENT,understory; shaded coniferous forest; serpentine soil; under well-developed forest canopy; Northwest aspect.,,,,42.0188,-123.3113,,,,1990-09-10,1990-09-10 00:00:00,42.025000000000006,-123.30833330000002,1990-09-10 00:00:00,283.3999938964844,0.0,0.005829999689012766,66.20000457763672,1.8799999952316284,7.900000095367432,259.5,3.299999952316284
1304444963,,PRESENT,"forest, herbland, shrubland",,,,43.8325,-122.242,,,,2000-07-22,2000-07-22 00:00:00,43.81666666666667,-122.22499996666667,2000-07-22 00:00:00,281.8999938964844,0.0,0.009569999761879444,48.70000076293945,0.3499999940395355,4.0,317.8000183105469,4.800000190734863
1304444959,,PRESENT,,,,,45.2705,-121.6476,,,,1991-08-01,1991-08-01 00:00:00,45.275000000000006,-121.64166663333334,1991-08-01 00:00:00,280.5,0.0,0.007910000160336494,100.0,0.5699999928474426,5.400000095367432,317.8000183105469,4.200000286102295
1304444957,,PRESENT,forest,,,,42.2028,-123.4603,,,,1979-08-09,1979-08-09 00:00:00,42.19166666666667,-123.47499996666667,1979-08-09 00:00:00,301.1000061035156,0.0,0.0068699996918439865,26.399999618530273,1.5699999332427979,6.200000286102295,328.3000183105469,3.299999952316284
1304444955,,PRESENT,,,,,44.1,-122.0833,,,,1992-07-27,1992-07-27 00:00:00,44.108333333333334,-122.09999996666667,1992-07-27 00:00:00,300.20001220703125,0.0,0.007379999849945307,66.9000015258789,1.4199999570846558,7.099999904632568,313.20001220703125,2.5
1304444952,,PRESENT,,,,,45.623,-121.9259,,,,1995-07-13,1995-07-13 00:00:00,45.608333333333334,-121.93333330000002,1995-07-13 00:00:00,292.79998779296875,0.0,0.006979999598115683,45.20000076293945,0.5799999833106995,4.099999904632568,280.3999938964844,4.599999904632568
1304444945,,PRESENT,,,,,43.7033,-122.0912,,,,2003-10-02,2003-10-02 00:00:00,43.69166666666667,-122.09999996666667,2003-10-02 00:00:00,291.70001220703125,0.0,0.005919999908655882,33.29999923706055,0.6599999666213989,3.9000000953674316,187.3000030517578,3.4000000953674316
1304444944,,PRESENT,forest,,,,44.4072,-122.0935,,,,1979-06-12,1979-06-12 00:00:00,44.400000000000006,-122.09999996666667,1979-06-12 00:00:00,292.3999938964844,0.0,0.006479999981820583,41.20000076293945,0.6399999856948853,4.700000286102295,348.20001220703125,3.299999952316284
1304444940,,PRESENT,,,,,45.0563,-121.9844,,,,1998-07-06,1998-07-06 00:00:00,45.06666666666667,-121.97499996666667,1998-07-06 00:00:00,299.8999938964844,0.0,0.009850000031292439,88.70000457763672,0.8799999952316284,5.5,342.6000061035156,3.299999952316284
1304444939,,PRESENT,forest,,,,44.0672,-122.1263,,,,1979-07-09,1979-07-09 00:00:00,44.06666666666667,-122.14166663333334,1979-07-09 00:00:00,294.0,17.600000381469727,0.00764999957755208,41.10000228881836,0.6800000071525574,3.5,155.5,4.300000190734863
1304444938,,PRESENT,,,,,45.0709,-121.7896,,,,1991-06-10,1991-06-10 00:00:00,45.06666666666667,-121.80833330000002,1991-06-10 00:00:00,282.8999938964844,0.0,0.007639999967068434,74.5,0.7299999594688416,6.400000095367432,361.8999938964844,3.799999952316284
1304444937,,PRESENT,,,,,43.9498,-121.9752,,,,2006-08-30,2006-08-30 00:00:00,43.94166666666667,-121.97499996666667,2006-08-30 00:00:00,272.0,0.0,0.005439999978989363,47.60000228881836,0.3499999940395355,2.9000000953674316,280.8000183105469,3.6000001430511475
1304444936,,PRESENT,forest,,,,45.0215,-122.1887,,,,1979-07-17,1979-07-17 00:00:00,45.025000000000006,-122.18333330000002,1979-07-17 00:00:00,304.70001220703125,0.0,0.008969999849796295,27.0,2.009999990463257,6.300000190734863,330.3999938964844,2.0
1304444933,,PRESENT,roadside,,,,45.4287,-121.9681,,,,1982-09-09,1982-09-09 00:00:00,45.44166666666667,-121.97499996666667,1982-09-09 00:00:00,285.6000061035156,41.29999923706055,0.007229999639093876,48.20000076293945,0.1899999976158142,1.5,98.0999984741211,4.700000286102295
1304444931,,PRESENT,,,,,45.0508,-121.7849,,,,1998-08-06,1998-08-06 00:00:00,45.06666666666667,-121.76666663333334,1998-08-06 00:00:00,296.6000061035156,0.0,0.008069999516010284,100.0,0.7400000095367432,4.800000190734863,316.70001220703125,4.300000190734863
1304444929,,PRESENT,,,,,44.9374,-121.7914,,,,1998-08-10,1998-08-10 00:00:00,44.94166666666667,-121.80833330000002,1998-08-10 00:00:00,300.5,0.0,0.008239999413490295,80.70000457763672,1.1899999380111694,5.200000286102295,306.3999938964844,2.5
1304444926,,PRESENT,,,,,43.574,-122.1374,,,,2005-08-11,2005-08-11 00:00:00,43.56666666666667,-122.14166663333334,2005-08-11 00:00:00,277.70001220703125,0.0,0.0049600000493228436,31.200000762939453,0.9199999570846558,5.700000286102295,306.3000183105469,2.5
1304444925,,PRESENT,,,,,45.0137,-121.7948,,,,1998-10-05,1998-10-05 00:00:00,45.025000000000006,-121.80833330000002,1998-10-05 00:00:00,274.5,0.0,0.005309999920427799,48.20000076293945,0.5,2.0,200.1999969482422,1.7000000476837158
1304444924,,PRESENT,forest,,,,44.2582,-122.1337,,,,1979-07-04,1979-07-04 00:00:00,44.275000000000006,-122.14166663333334,1979-07-04 00:00:00,291.29998779296875,0.5,0.0068699996918439865,38.29999923706055,0.4699999988079071,2.9000000953674316,175.3000030517578,3.0
1304444923,,PRESENT,,,,,43.874,-122.0752,,,,2007-09-29,2007-09-29 00:00:00,43.858333333333334,-122.05833330000002,2007-09-29 00:00:00,282.5,0.4000000059604645,0.004259999841451645,100.0,0.2199999988079071,2.200000047683716,172.8000030517578,4.099999904632568
1304444920,,PRESENT,,,,,43.4389,-122.3981,,,,1995-08-05,1995-08-05 00:00:00,43.44166666666667,-122.39166663333334,1995-08-05 00:00:00,300.1000061035156,0.0,0.010389999486505985,43.29999923706055,1.0299999713897705,5.5,315.3999938964844,3.5
1304444919,,PRESENT,forest,,,,45.2831,-121.681,,,,1979-07-14,1979-07-14 00:00:00,45.275000000000006,-121.68333330000002,1979-07-14 00:00:00,294.70001220703125,0.0,0.00612999964505434,39.400001525878906,0.9300000071525574,5.300000190734863,351.8000183105469,2.799999952316284
1304444916,,PRESENT,,,,,45.2951,-122.056,,,,1997-05-23,1997-05-23 00:00:00,45.275000000000006,-122.05833330000002,1997-05-23 00:00:00,285.6000061035156,10.199999809265137,0.006049999967217445,44.29999923706055,0.2800000011920929,3.1000001430511475,220.10000610351562,3.1000001430511475
1304444915,,PRESENT,,,,,43.4093,-122.4925,,,,1994-08-12,1994-08-12 00:00:00,43.400000000000006,-122.47499996666667,1994-08-12 00:00:00,281.6000061035156,0.0,0.009519999846816063,97.4000015258789,0.9099999666213989,4.800000190734863,310.3999938964844,2.200000047683716
1304444912,,PRESENT,,,,,45.2633,-121.6252,,,,1996-06-27,1996-06-27 00:00:00,45.275000000000006,-121.64166663333334,1996-06-27 00:00:00,286.8999938964844,5.200000286102295,0.005959999747574329,100.0,0.4099999964237213,4.700000286102295,290.70001220703125,6.300000190734863
1304444909,,PRESENT,,,,,43.9741,-122.2958,,,,2003-07-01,2003-07-01 00:00:00,43.983333333333334,-122.30833330000002,2003-07-01 00:00:00,279.20001220703125,0.0,0.007069999817758799,43.0,0.5699999928474426,4.300000190734863,309.6000061035156,3.700000047683716
1304444908,,PRESENT,,,,,45.3031,-121.5579,,,,1999-08-19,1999-08-19 00:00:00,45.31666666666667,-121.55833330000002,1999-08-19 00:00:00,292.20001220703125,0.0,0.007999999448657036,49.70000076293945,0.5299999713897705,4.700000286102295,290.5,3.299999952316284
1304444905,,PRESENT,,,,,43.5884,-122.0996,,,,2005-08-11,2005-08-11 00:00:00,43.608333333333334,-122.09999996666667,2005-08-11 00:00:00,278.5,0.0,0.005459999665617943,30.200000762939453,1.0199999809265137,6.0,306.3999938964844,2.6000001430511475
1304444903,,PRESENT,,,,,45.1814,-121.816,,,,1991-07-19,1991-07-19 00:00:00,45.19166666666667,-121.80833330000002,1991-07-19 00:00:00,278.29998779296875,0.0,0.007049999665468931,92.80000305175781,0.6299999952316284,5.800000190734863,348.3999938964844,3.700000047683716
1304444900,,PRESENT,"forest, shrubland",,,,44.0905,-122.2665,,,,1992-09-10,1992-09-10 00:00:00,44.108333333333334,-122.26666663333334,1992-09-10 00:00:00,285.20001220703125,0.0,0.007340000011026859,33.29999923706055,1.659999966621399,6.5,230.0,2.700000047683716
1304444897,,PRESENT,,,,,44.1613,-121.9304,,,,1999-08-01,1999-08-01 00:00:00,44.150000000000006,-121.93333330000002,1999-08-01 00:00:00,298.79998779296875,0.800000011920929,0.007829999551177025,35.79999923706055,1.090000033378601,6.300000190734863,318.8000183105469,2.4000000953674316
1304444896,,PRESENT,,,,,43.463,-122.4991,,,,2009-09-11,2009-09-11 00:00:00,43.483333333333334,-122.51666663333334,2009-09-11 00:00:00,286.70001220703125,0.0,0.0063599999994039536,27.5,1.9900000095367432,5.400000095367432,249.8000030517578,3.0
1304444894,,PRESENT,,,,,44.8607,-122.315,,,,1980-06-15,1980-06-15 00:00:00,44.858333333333334,-122.30833330000002,1980-06-15 00:00:00,292.3999938964844,0.0,0.008999999612569809,99.5999984741211,0.23999999463558197,4.200000286102295,332.3999938964844,2.299999952316284
1304444888,,PRESENT,,,,,45.1613,-121.6017,,,,1999-07-15,1999-07-15 00:00:00,45.150000000000006,-121.59999996666667,1999-07-15 00:00:00,295.79998779296875,0.0,0.006039999891072512,37.60000228881836,0.8999999761581421,5.5,344.20001220703125,1.600000023841858
1304444884,,PRESENT,,,,,45.3337,-121.5484,,,,1983-07-09,1983-07-09 00:00:00,45.31666666666667,-121.55833330000002,1983-07-09 00:00:00,272.8999938964844,0.0,0.00484999967738986,85.0999984741211,0.3499999940395355,4.400000095367432,332.8999938964844,5.5
1304444882,,PRESENT,,,,,43.6439,-122.114,,,,1994-08-02,1994-08-02 00:00:00,43.650000000000006,-122.09999996666667,1994-08-02 00:00:00,280.1000061035156,0.0,0.008969999849796295,95.9000015258789,0.6399999856948853,4.5,310.8999938964844,2.6000001430511475
1304444876,,PRESENT,forest,,,,42.9285,-122.5648,,,,1979-08-06,1979-08-06 00:00:00,42.94166666666667,-122.55833330000002,1979-08-06 00:00:00,297.6000061035156,0.0,0.006049999967217445,31.100000381469727,1.1899999380111694,5.900000095367432,330.3999938964844,4.200000286102295
1304444873,,PRESENT,"forest, herbland",,,,43.668,-122.5714,,,,1996-07-17,1996-07-17 00:00:00,43.650000000000006,-122.55833330000002,1996-07-17 00:00:00,286.70001220703125,8.90000057220459,0.006139999721199274,92.9000015258789,0.38999998569488525,2.9000000953674316,97.0,3.9000000953674316
1304444872,,PRESENT,,,,,44.1209,-122.091,,,,2003-07-12,2003-07-12 00:00:00,44.108333333333334,-122.09999996666667,2003-07-12 00:00:00,281.5,0.0,0.00839999970048666,37.400001525878906,0.8100000023841858,5.300000190734863,322.20001220703125,4.700000286102295
1304444862,,PRESENT,,,,,44.8369,-122.0801,,,,1987-08-12,1987-08-12 00:00:00,44.81666666666667,-122.09999996666667,1987-08-12 00:00:00,295.0,0.0,0.006539999973028898,76.80000305175781,0.9099999666213989,4.800000190734863,296.8000183105469,3.4000000953674316
1304444861,,PRESENT,,,,,44.6657,-121.9841,,,,1996-11-05,1996-11-05 00:00:00,44.650000000000006,-121.97499996666667,1996-11-05 00:00:00,269.0,3.6000001430511475,0.0035899998620152473,72.4000015258789,0.08999999612569809,0.800000011920929,69.20000457763672,3.200000047683716
1304444858,,PRESENT,"forest, herbland, savanna",,,,44.2123,-122.0966,,,,1996-07-06,1996-07-06 00:00:00,44.19166666666667,-122.09999996666667,1996-07-06 00:00:00,303.3999938964844,0.0,0.006719999946653843,71.0,1.6200000047683716,9.600000381469727,321.70001220703125,4.200000286102295
1304444853,,PRESENT,,,,,45.1953,-121.8058,,,,1996-07-19,1996-07-19 00:00:00,45.19166666666667,-121.80833330000002,1996-07-19 00:00:00,289.8999938964844,0.0,0.005949999671429396,95.70000457763672,0.44999998807907104,4.900000095367432,322.0,4.800000190734863
1304444850,,PRESENT,,,,,44.6896,-122.327,,,,1996-06-29,1996-06-29 00:00:00,44.69166666666667,-122.30833330000002,1996-06-29 00:00:00,295.70001220703125,0.0,0.007579999975860119,92.70000457763672,0.7299999594688416,5.700000286102295,334.6000061035156,2.6000001430511475
1304444849,,PRESENT,,,,,45.3394,-121.7514,,,,2003-07-24,2003-07-24 00:00:00,45.358333333333334,-121.76666663333334,2003-07-24 00:00:00,282.8999938964844,0.0,0.0061599998734891415,32.900001525878906,1.0299999713897705,5.400000095367432,283.3000183105469,4.800000190734863
1304444844,,PRESENT,forest,,,,43.5817,-122.3253,,,,1979-07-29,1979-07-29 00:00:00,43.56666666666667,-122.30833330000002,1979-07-29 00:00:00,298.6000061035156,0.0,0.005969999823719263,28.30000114440918,1.3199999332427979,5.400000095367432,326.5,2.200000047683716
1304444838,,PRESENT,,,,,44.3047,-122.0318,,,,1999-07-30,1999-07-30 00:00:00,44.31666666666667,-122.01666663333334,1999-07-30 00:00:00,301.29998779296875,0.0,0.008789999410510063,33.70000076293945,1.1699999570846558,6.099999904632568,315.3999938964844,1.899999976158142
1304444828,,PRESENT,,,,,43.4741,-122.356,,,,2000-07-20,2000-07-20 00:00:00,43.483333333333334,-122.34999996666667,2000-07-20 00:00:00,284.8999938964844,0.0,0.00940999947488308,38.5,1.409999966621399,6.0,327.6000061035156,2.799999952316284
1304444822,,PRESENT,forest,,,,45.3009,-121.762,,,,1979-07-15,1979-07-15 00:00:00,45.31666666666667,-121.76666663333334,1979-07-15 00:00:00,300.1000061035156,0.0,0.0065299998968839645,29.700000762939453,1.5199999809265137,7.400000095367432,354.8000183105469,5.599999904632568
1304444817,,PRESENT,,,,,44.4957,-121.8254,,,,2008-08-22,2008-08-22 00:00:00,44.483333333333334,-121.80833330000002,2008-08-22 00:00:00,275.6000061035156,0.0,0.0048699998296797276,36.29999923706055,0.8999999761581421,5.5,295.20001220703125,2.6000001430511475
1304444814,,PRESENT,forest,,,,42.2097,-123.4708,,,,1979-08-09,1979-08-09 00:00:00,42.19166666666667,-123.47499996666667,1979-08-09 00:00:00,301.1000061035156,0.0,0.0068699996918439865,26.399999618530273,1.5699999332427979,6.200000286102295,328.3000183105469,3.299999952316284
1304444787,,PRESENT,,,,,45.3427,-121.663,,,,1991-08-24,1991-08-24 00:00:00,45.358333333333334,-121.68333330000002,1991-08-24 00:00:00,275.8999938964844,0.0,0.006019999738782644,85.9000015258789,0.3799999952316284,4.099999904632568,285.6000061035156,4.900000095367432
1304443262,,PRESENT,"Douglas fir, grand fir, spruce and Larix forest on ridgetop with brown powdery soils; slope 0-10; aspect south and ridgetop.",,,,46.072222,-117.469167,,,,2002-07-27,2002-07-27 00:00:00,46.06666666666667,-117.47499996666667,2002-07-27 00:00:00,281.6000061035156,0.0,0.005200000014156103,59.5,1.1100000143051147,7.200000286102295,245.0,4.599999904632568
1304443260,,PRESENT,"Area with lodgepole pine, spruce, and Aconitum.",,,,46.020833,-117.840833,,,,2002-07-21,2002-07-21 00:00:00,46.025000000000006,-117.84999996666667,2002-07-21 00:00:00,285.0,0.0,0.005949999671429396,45.900001525878906,1.559999942779541,6.800000190734863,320.1000061035156,2.0
1304443251,,PRESENT,"With lodgepole pine, spruce, grand fir and Vaccinium in fine, deep, pale soil; slope 0-10; aspect southeast and south.",,,,45.962222,-117.880278,,,,2002-07-19,2002-07-19 00:00:00,45.94166666666667,-117.89166663333334,2002-07-19 00:00:00,285.3999938964844,0.0,0.006899999920278788,60.10000228881836,1.3799999952316284,7.900000095367432,317.70001220703125,3.5
1304443245,,PRESENT,"Spruce-fir forest with Mitella stauropetala, Carex geyeri, and Vaccinium membranaceum.",,,,45.9045,-110.9554,,,,2002-07-10,2002-07-10 00:00:00,45.900000000000006,-110.97499996666667,2002-07-10 00:00:00,277.70001220703125,0.5,0.007109999656677246,75.30000305175781,0.6899999976158142,5.5,322.0,2.6000001430511475
1304443242,,PRESENT,"Ponderosa pine, grand fir, lodgepole pine and Douglas fir forest with powdery brown soil; slope 5-15, aspect west.",,,,46.231944,-117.637222,,,,2002-07-25,2002-07-25 00:00:00,46.233333333333334,-117.64166663333334,2002-07-25 00:00:00,289.20001220703125,2.700000047683716,0.0071299998089671135,59.70000076293945,1.709999918937683,8.300000190734863,258.1000061035156,3.700000047683716
1304443238,,PRESENT,"Roadsides, wooded slopes with ponderosa pine and Douglas fir.",,,,46.222472,-117.759639,,,,2001-06-08,2001-06-08 00:00:00,46.233333333333334,-117.76666663333334,2001-06-08 00:00:00,294.6000061035156,0.4000000059604645,0.0077599999494850636,48.400001525878906,0.7400000095367432,4.400000095367432,282.70001220703125,2.299999952316284
1304443237,,PRESENT,Slope 5-10; aspect west.,,,,45.650556,-118.270556,,,,2002-07-15,2002-07-15 00:00:00,45.650000000000006,-118.26666663333334,2002-07-15 00:00:00,282.6000061035156,0.0,0.007400000002235174,74.70000457763672,1.3899999856948853,7.400000095367432,314.20001220703125,2.799999952316284
1304443236,,PRESENT,Meadows and edge of coniferous forests.,,,,43.86583,-109.7833,,,,1984-08-27,1984-08-27 00:00:00,43.858333333333334,-109.76666663333334,1984-08-27 00:00:00,279.70001220703125,0.0,0.006909999996423721,34.10000228881836,0.7599999904632568,6.599999904632568,239.40000915527344,8.100000381469727
1304443235,,PRESENT,"Lodgepole pine forest with Carex geyeri, Calamagrostis rubescens, Vaccinium cespitosum, and Arnica parryi.",,,,44.158,-111.0617,,,,2002-07-30,2002-07-30 00:00:00,44.150000000000006,-111.05833330000002,2002-07-30 00:00:00,280.70001220703125,0.0,0.006199999712407589,65.5,1.5699999332427979,9.40000057220459,312.3999938964844,4.599999904632568
1304443234,,PRESENT,"Edge of wet swale behind beach with Pinus contorta, Calamagrostis canadensis, Carex utriculata, Galium trifidum, and Polygonum amphibium.",,,,44.3864,-110.6702,,,,2007-08-20,2007-08-20 00:00:00,44.400000000000006,-110.68333330000002,2007-08-20 00:00:00,289.5,1.600000023841858,0.0052999998442828655,30.600000381469727,0.5399999618530273,5.300000190734863,211.3000030517578,7.800000190734863
1304443229,,PRESENT,"Mesic moderately old mixed conifer stand interspersed with sunny openings; soil fine, powdery, brown; slope 0-10; aspect ridgetop.",,,,45.609333,-118.17,,,,2001-06-19,2001-06-19 00:00:00,45.608333333333334,-118.18333330000002,2001-06-19 00:00:00,291.79998779296875,0.0,0.005619999952614307,43.79999923706055,0.6599999666213989,4.300000190734863,323.3000183105469,2.200000047683716
1304443226,,PRESENT,"Mixed conifer forest in fine, deep, light brown soil; slope 10; aspect east.",,,,44.801111,-118.706389,,,,2002-07-12,2002-07-12 00:00:00,44.81666666666667,-118.72499996666667,2002-07-12 00:00:00,289.79998779296875,0.0,0.007199999876320362,45.60000228881836,2.859999895095825,10.0,318.3999938964844,2.9000000953674316
1304443224,,PRESENT,"Spruce forest with Arnica cordifolia, Thalictrum occidentale, and Vaccinium scoparium.",,,,46.1682,-110.3769,,,,2002-07-09,2002-07-09 00:00:00,46.150000000000006,-110.39166663333334,2002-07-09 00:00:00,275.5,0.0,0.00535999983549118,83.70000457763672,0.7299999594688416,6.400000095367432,318.8000183105469,4.900000095367432
1304443222,,PRESENT,Grand fir/spruce; slope 5-15; aspect north.,,,,46.1175,-117.706667,,,,2002-07-27,2002-07-27 00:00:00,46.108333333333334,-117.72499996666667,2002-07-27 00:00:00,281.0,0.0,0.00535999983549118,61.20000076293945,0.9799999594688416,6.700000286102295,253.3000030517578,4.400000095367432
1304443221,,PRESENT,"Open ridgetop under mixed conifer with platey, copper soil; slope 0-5; aspect ridgetop.",,,,46.015833,-117.801667,,,,2002-07-01,2002-07-01 00:00:00,46.025000000000006,-117.80833330000002,2002-07-01 00:00:00,277.8999938964844,0.0,0.004879999905824661,69.0999984741211,0.7199999690055847,6.0,337.8999938964844,3.799999952316284
1304443219,,PRESENT,Mixed conifer woods with brown powdery soils; slope 0-15; aspect ridgetop and southwest.,,,,46.159444,-117.631389,,,,2002-07-24,2002-07-24 00:00:00,46.150000000000006,-117.64166663333334,2002-07-24 00:00:00,288.29998779296875,1.8000000715255737,0.006889999844133854,43.29999923706055,1.9199999570846558,7.800000190734863,301.5,2.5
1304443218,,PRESENT,"Lodgepole pine, ponderosa pine, and Douglas fir overstory with Vaccinium and Lupinus understory in fine, deep, chocolate brown soil; slope 0-5; aspect none.",,,,45.055556,-119.282778,,,,2002-06-21,2002-06-21 00:00:00,45.06666666666667,-119.26666663333334,2002-06-21 00:00:00,282.20001220703125,0.0,0.0063699996098876,69.5,1.2300000190734863,7.900000095367432,320.1000061035156,3.9000000953674316
1304443217,,PRESENT,"Partially shaded slope in rocky to fine, tan soil; slope 15; aspect ravine.",,,,45.536667,-118.124722,,,,2002-07-15,2002-07-15 00:00:00,45.525000000000006,-118.14166663333334,2002-07-15 00:00:00,281.29998779296875,0.0,0.006610000040382147,66.80000305175781,1.2599999904632568,7.200000286102295,311.8000183105469,3.0
1304443216,,PRESENT,"Grand fir and Douglas fir overstory in fine, light brown soil; slope 0-5; aspect mountaintop.",,,,46.24,-117.585833,,,,2002-07-05,2002-07-05 00:00:00,46.233333333333334,-117.59999996666667,2002-07-05 00:00:00,276.70001220703125,0.0,0.005349999759346247,67.80000305175781,0.7400000095367432,5.200000286102295,295.1000061035156,2.5
1304443215,,PRESENT,White spruce with Corylus and Lycopodium.,,,,44.39417,-104.0825,,,,1986-08-20,1986-08-20 00:00:00,44.400000000000006,-104.09999996666667,1986-08-20 00:00:00,296.5,0.30000001192092896,0.005829999689012766,15.300000190734863,1.2200000286102295,7.700000286102295,158.40000915527344,5.900000095367432
1304443213,,PRESENT,"Open mixed conifer stand; soil fine, deep, brown; slope 0-20; aspect east.",,,,45.844167,-117.790056,,,,2001-06-20,2001-06-20 00:00:00,45.858333333333334,-117.80833330000002,2001-06-20 00:00:00,295.79998779296875,0.0,0.005489999894052744,34.5,1.1299999952316284,5.099999904632568,324.3000183105469,1.899999976158142
1304443212,,PRESENT,"Spruce and Douglas fir forest in fine, deep soil; slope 10-15; aspect ridgetop and southeast.",,,,45.986111,-117.938611,,,,2002-07-16,2002-07-16 00:00:00,45.983333333333334,-117.93333330000002,2002-07-16 00:00:00,286.20001220703125,0.0,0.006919999606907368,47.60000228881836,1.5399999618530273,6.900000095367432,317.8000183105469,2.1000001430511475
1304443211,,PRESENT,Scab and dry forest with Vaccinium understory; soil shallow to fine and deep; slope 5; aspect south.,,,,46.205278,-117.574167,,,,2001-07-20,2001-07-20 00:00:00,46.19166666666667,-117.55833330000002,2001-07-20 00:00:00,293.6000061035156,3.0,0.0070399995893239975,39.10000228881836,0.8299999833106995,4.300000190734863,277.3000183105469,2.1000001430511475
1304443210,,PRESENT,"Lodgepole pine forests, meadows, and drainages.",,,,43.8656,-110.0033,,,,1987-06-26,1987-06-26 00:00:00,43.858333333333334,-110.01666663333334,1987-06-26 00:00:00,292.3999938964844,0.0,0.004559999797493219,57.400001525878906,0.9399999976158142,5.200000286102295,334.20001220703125,3.200000047683716
1304443209,,PRESENT,"Mixed conifer woods and partial shaded area nearby; soil fine, deep; slope 0-10; aspect ridgetop and easterly.",,,,45.9525,-117.956111,,,,2001-07-24,2001-07-24 00:00:00,45.94166666666667,-117.97499996666667,2001-07-24 00:00:00,295.79998779296875,0.0,0.007819999940693378,35.29999923706055,0.9199999570846558,5.5,315.20001220703125,4.700000286102295
1304443207,,PRESENT,Mixed conifer overstory with Vaccinium and Chimaphila in understory; slope <5; aspect butte top.,,,,46.263611,-117.731389,,,,2002-07-19,2002-07-19 00:00:00,46.275000000000006,-117.72499996666667,2002-07-19 00:00:00,287.29998779296875,0.0,0.007189999800175428,58.900001525878906,1.4399999380111694,8.699999809265137,312.8999938964844,4.400000095367432
1304443203,,PRESENT,In Vaccinium scoparium area; slope 0-15; aspect southeast.,,,,44.917778,-118.505,,,,2002-08-05,2002-08-05 00:00:00,44.900000000000006,-118.51666663333334,2002-08-05 00:00:00,274.1000061035156,0.0,0.004650000017136335,89.80000305175781,0.7400000095367432,5.200000286102295,286.0,2.9000000953674316
1304443202,,PRESENT,Under spruce and grand fir and in spring.,,,,46.024722,-117.652222,,,,2002-07-27,2002-07-27 00:00:00,46.025000000000006,-117.64166663333334,2002-07-27 00:00:00,281.6000061035156,0.0,0.005239999853074551,61.400001525878906,1.25,7.599999904632568,249.90000915527344,4.300000190734863
1304443201,,PRESENT,Mixed conifer forest; slope 5-15; aspect east and ridgetop.,,,,46.056111,-117.684167,,,,2002-07-27,2002-07-27 00:00:00,46.06666666666667,-117.68333330000002,2002-07-27 00:00:00,281.29998779296875,0.0,0.005169999785721302,58.5,1.0699999332427979,7.0,252.1999969482422,4.300000190734863
1304443200,,PRESENT,"Open to partially shaded butte, under lodgepole pine and grand fir; slope < 5.",,,,46.062222,-117.844444,,,,2002-07-21,2002-07-21 00:00:00,46.06666666666667,-117.84999996666667,2002-07-21 00:00:00,285.6000061035156,0.0,0.005760000087320805,43.70000076293945,1.5399999618530273,6.800000190734863,320.1000061035156,2.0
1304443199,,PRESENT,Spruce-fir and white bark pine forests and bald summits and rocky outcrops.,,,,44.4618,-110.1477,,,,1987-06-29,1987-06-29 00:00:00,44.44166666666667,-110.14166663333334,1987-06-29 00:00:00,289.20001220703125,4.900000095367432,0.005339999683201313,79.9000015258789,0.6399999856948853,4.300000190734863,306.20001220703125,2.700000047683716
1304443198,,PRESENT,Mixed conifer forest.,,,,43.1047,-110.8842,,,,1992-08-10,1992-08-10 00:00:00,43.108333333333334,-110.89166663333334,1992-08-10 00:00:00,300.6000061035156,0.0,0.0044999998062849045,41.5,1.8499999046325684,7.800000190734863,281.0,2.799999952316284
1304443197,,PRESENT,"Dry woods; soil fine, deep; slope 0-10; aspect southeast.",,,,45.781667,-117.826111,,,,2001-08-05,2001-08-05 00:00:00,45.775000000000006,-117.80833330000002,2001-08-05 00:00:00,303.3999938964844,0.0,0.006969999987632036,24.600000381469727,1.75,5.800000190734863,298.3999938964844,2.5
1304443196,,PRESENT,"Partial to full shade of Douglas fir in fine, deep soil; slope 0-20; aspect ridgetop and north.",,,,45.712389,-118.109611,,,,2002-05-27,2002-05-27 00:00:00,45.69166666666667,-118.09999996666667,2002-05-27 00:00:00,280.8999938964844,6.900000095367432,0.006659999955445528,85.5999984741211,0.7799999713897705,4.5,261.20001220703125,1.399999976158142
1304443195,,PRESENT,"Larix and Douglas fir dominate overstory (Douglas fir dying off) with Vaccinium scoparium, Shepherdia and Paxistima in fine, deep soil; slope 15; aspect northwest.",,,,45.117222,-119.436389,,,,2002-06-05,2002-06-05 00:00:00,45.108333333333334,-119.43333330000002,2002-06-05 00:00:00,279.70001220703125,0.0,0.006679999642074108,89.5999984741211,0.5999999642372131,5.599999904632568,257.3000183105469,5.800000190734863
1304443194,,PRESENT,"Mixed conifer woods; soil fine, deep, brown; slope 0-15.",,,,45.468056,-118.291111,,,,2001-08-01,2001-08-01 00:00:00,45.483333333333334,-118.30833330000002,2001-08-01 00:00:00,300.1000061035156,0.0,0.006459999829530716,29.100000381469727,1.2300000190734863,5.400000095367432,283.6000061035156,3.5
1304443193,,PRESENT,Forested hillside and drainage.,,,,43.9528,-109.7614,,,,1988-07-11,1988-07-11 00:00:00,43.94166666666667,-109.76666663333334,1988-07-11 00:00:00,277.0,0.0,0.0043299999088048935,15.699999809265137,1.5099999904632568,6.900000095367432,298.1000061035156,5.200000286102295
1304443192,,PRESENT,"Lodgepole pine, Douglas fir, spruce, Larix with Chimaphila, Pedicularis, Vaccinium scoparium in fine, deep soil; slope 10-20; aspect east.",,,,45.0575,-118.589722,,,,2002-06-22,2002-06-22 00:00:00,45.06666666666667,-118.59999996666667,2002-06-22 00:00:00,282.79998779296875,0.0,0.0063699996098876,64.0999984741211,1.0799999237060547,6.700000286102295,294.8000183105469,3.200000047683716
1304443191,,PRESENT,"Mixed conifer woods; soil fine, ashy, pale; slope 0-10; aspect north.",,,,45.928611,-117.72,,,,2001-06-24,2001-06-24 00:00:00,45.94166666666667,-117.72499996666667,2001-06-24 00:00:00,292.5,1.8000000715255737,0.005179999861866236,30.399999618530273,0.8999999761581421,4.700000286102295,233.40000915527344,4.700000286102295
1304443189,,PRESENT,"Dryer mixed conifer area with large sunny openings, understory dominated by shrubs; soil fine, powdery, brown; slope 0-10; aspect ridgetop.",,,,45.609333,-118.17,,,,2001-06-19,2001-06-19 00:00:00,45.608333333333334,-118.18333330000002,2001-06-19 00:00:00,291.79998779296875,0.0,0.005619999952614307,43.79999923706055,0.6599999666213989,4.300000190734863,323.3000183105469,2.200000047683716
1304443188,,PRESENT,Trail through burn (1988) and upland meadows and slopes with fellfields and talus; scattered Douglas fir and subalpine fir.,,,,48.5032,-118.4227,,,,1996-08-03,1996-08-03 00:00:00,48.483333333333334,-118.43333330000002,1996-08-03 00:00:00,289.5,0.4000000059604645,0.005690000019967556,93.70000457763672,0.5799999833106995,3.700000047683716,158.0,2.9000000953674316
1304443187,,PRESENT,"Wet meadow with Senecio, Lupinus and Castilleja in sunny opening, surrounded by mixed conifer stand; soil organic, deep; slope 0-5; aspect south.",,,,45.9425,-117.628889,,,,2001-06-24,2001-06-24 00:00:00,45.94166666666667,-117.64166663333334,2001-06-24 00:00:00,292.70001220703125,1.600000023841858,0.005330000072717667,30.0,0.9300000071525574,4.700000286102295,233.6999969482422,4.5
1304443186,,PRESENT,Lodgepole pine forest with a groundlayer of Vaccinium scoparium and in more open areas with Trifolium haydenii.,,,,45.6540259,-109.3579352,,,,1989-08-08,1989-08-08 00:00:00,45.650000000000006,-109.34999996666667,1989-08-08 00:00:00,305.0,0.0,0.006670000031590462,20.200000762939453,2.0399999618530273,5.599999904632568,258.3000183105469,2.299999952316284
1304443185,,PRESENT,"Riparian area; soil fine, deep, brown to organic; slope 0-10; aspect ravine.",,,,45.668333,-118.037778,,,,2001-07-18,2001-07-18 00:00:00,45.650000000000006,-118.05833330000002,2001-07-18 00:00:00,291.20001220703125,0.0,0.005429999902844429,33.60000228881836,0.6899999976158142,4.099999904632568,277.20001220703125,2.9000000953674316
1304443184,,PRESENT,"Mixed conifer forest, wilderness trial with lots of lodgepole pine (dominant); slope 5-15; aspect southerly.",,,,44.951111,-118.610556,,,,2002-08-05,2002-08-05 00:00:00,44.94166666666667,-118.59999996666667,2002-08-05 00:00:00,274.6000061035156,0.0,0.0044999998062849045,82.30000305175781,0.7599999904632568,5.200000286102295,285.20001220703125,2.799999952316284
1304443183,,PRESENT,Mixed conifer woods; soil fine; slope 0-20; aspect southeast.,,,,45.9185,-117.773417,,,,2001-08-05,2001-08-05 00:00:00,45.900000000000006,-117.76666663333334,2001-08-05 00:00:00,301.0,0.0,0.006569999735802412,26.30000114440918,1.5499999523162842,5.700000286102295,300.6000061035156,2.799999952316284
1304443182,,PRESENT,Riparian zone in cedar-hemlock forest between clearcuts.,,,,48.6485,-117.5301,,,,1996-08-01,1996-08-01 00:00:00,48.650000000000006,-117.51666663333334,1996-08-01 00:00:00,299.29998779296875,0.0,0.00494999997317791,57.70000076293945,1.46999990940094,7.599999904632568,316.70001220703125,2.9000000953674316
1304443181,,PRESENT,"Under spruce, Larix and Taxus; slope 5-15; aspect east and southeast.",,,,45.086111,-117.67,,,,2002-07-27,2002-07-27 00:00:00,45.06666666666667,-117.68333330000002,2002-07-27 00:00:00,280.3999938964844,0.0,0.005630000028759241,68.30000305175781,1.059999942779541,7.200000286102295,311.6000061035156,4.0
1304443180,,PRESENT,"In ca 5 year old burned forest; regenerating lodgepole pine with Ceanothus and Arctostaphylos in fine, deep, pale soil; slope 10; aspect southwest.",,,,45.048056,-118.625,,,,2002-06-22,2002-06-22 00:00:00,45.06666666666667,-118.64166663333334,2002-06-22 00:00:00,283.3999938964844,0.0,0.006479999981820583,64.70000457763672,1.1299999952316284,6.900000095367432,295.1000061035156,3.200000047683716
1304443179,,PRESENT,On basalt and rock in spring under spruce.,,,,46.079444,-117.462778,,,,2002-07-27,2002-07-27 00:00:00,46.06666666666667,-117.47499996666667,2002-07-27 00:00:00,281.6000061035156,0.0,0.005200000014156103,59.5,1.1100000143051147,7.200000286102295,245.0,4.599999904632568
1304443178,,PRESENT,"In ca 5 year old burned forest; regenerating lodgepole pine with Ceanothus and Arctostaphylos in fine, deep, pale soil; slope 10; aspect southwest.",,,,45.048056,-118.625,,,,2002-06-22,2002-06-22 00:00:00,45.06666666666667,-118.64166663333334,2002-06-22 00:00:00,283.3999938964844,0.0,0.006479999981820583,64.70000457763672,1.1299999952316284,6.900000095367432,295.1000061035156,3.200000047683716
1304443177,,PRESENT,"Mixed conifer in fine, deep soil; slope 0-5; aspect ridgetop.",,,,46.048333,-117.783611,,,,2002-07-03,2002-07-03 00:00:00,46.06666666666667,-117.76666663333334,2002-07-03 00:00:00,282.6000061035156,0.0,0.005510000046342611,58.400001525878906,1.1200000047683716,7.300000190734863,277.3999938964844,4.099999904632568
1304443176,,PRESENT,"Opening surrounded by Douglas fir and grand fir with lupine and Achillea in the understory with shallow, chocolate brown soil over basalt; slope 0; aspect ridgetop.",,,,45.116111,-119.418611,,,,2002-06-05,2002-06-05 00:00:00,45.108333333333334,-119.43333330000002,2002-06-05 00:00:00,279.70001220703125,0.0,0.006679999642074108,89.5999984741211,0.5999999642372131,5.599999904632568,257.3000183105469,5.800000190734863
1304443175,,PRESENT,Meadows and open coniferous forests.,,,,42.7006,-110.7881,,,,1992-07-19,1992-07-19 00:00:00,42.69166666666667,-110.80833330000002,1992-07-19 00:00:00,293.79998779296875,0.30000001192092896,0.006569999735802412,62.20000076293945,0.9599999785423279,6.300000190734863,301.3999938964844,3.200000047683716
1304443174,,PRESENT,"In river canyon close to tributaries, very humid, mature mixed conifer overstory of spruce and grand fir; soil fine, deep; slope 5-10; aspect northerly.",,,,45.865778,-117.892444,,,,2001-08-07,2001-08-07 00:00:00,45.858333333333334,-117.89166663333334,2001-08-07 00:00:00,301.20001220703125,0.0,0.007890000008046627,29.5,1.5899999141693115,6.200000286102295,300.3999938964844,3.6000001430511475
1304443173,,PRESENT,Series of old beaver dams along small creek.,,,,48.576,-118.4445,,,,1996-08-11,1996-08-11 00:00:00,48.56666666666667,-118.43333330000002,1996-08-11 00:00:00,303.79998779296875,0.0,0.005619999952614307,39.400001525878906,2.25,9.600000381469727,295.0,3.6000001430511475
1304443172,,PRESENT,"Directly along trail under spruce, Taxus, grand fir with Tiarella and Chimaphila with fine, deep soil; slope 0, aspect none",,,,46.186111,-117.613056,,,,2002-07-19,2002-07-19 00:00:00,46.19166666666667,-117.59999996666667,2002-07-19 00:00:00,286.3999938964844,0.0,0.007589999586343765,60.5,1.2999999523162842,7.900000095367432,313.0,3.9000000953674316
1304443171,,PRESENT,"Dry area of mixed conifer woods; soil fine, deep, pale; slope 0-15; aspect east.",,,,45.600556,-118.2425,,,,2001-07-16,2001-07-16 00:00:00,45.608333333333334,-118.22499996666667,2001-07-16 00:00:00,287.6000061035156,0.30000001192092896,0.006120000034570694,39.900001525878906,0.38999998569488525,3.299999952316284,254.60000610351562,3.6000001430511475
1304443170,,PRESENT,"Mixed conifer overstory with Arnica, Thalictrum, Polemonium, and Valeriana in understory; soil fine, deep; slope 5-15; aspect east and west.",,,,46.171944,-117.758611,,,,2001-07-14,2001-07-14 00:00:00,46.19166666666667,-117.76666663333334,2001-07-14 00:00:00,296.8999938964844,0.0,0.0064999996684491634,34.5,1.1799999475479126,5.800000190734863,323.8999938964844,3.6000001430511475
1304443169,,PRESENT,"Coniferous forest dominated by Pseudotsuga, Amelanchier and Vaccinium.",,,,43.7778,-110.9941,,,,1991-06-16,1991-06-16 00:00:00,43.775000000000006,-110.97499996666667,1991-06-16 00:00:00,276.1000061035156,0.5,0.005059999879449606,60.79999923706055,0.8700000047683716,7.900000095367432,323.8999938964844,7.0
1304443168,,PRESENT,"In moderately moist area with grand fir overstory; soil deep, dark brown; slope 5; aspect ridgetop and southwest.",,,,46.01325,-117.758417,,,,2001-08-03,2001-08-03 00:00:00,46.025000000000006,-117.76666663333334,2001-08-03 00:00:00,298.0,0.0,0.006189999636262655,24.0,1.4399999380111694,5.800000190734863,275.3999938964844,3.799999952316284
1304443167,,PRESENT,Along trail through meadows and woodland margins.,,,,42.93,-110.8247,,,,1992-08-16,1992-08-16 00:00:00,42.94166666666667,-110.80833330000002,1992-08-16 00:00:00,293.70001220703125,3.1000001430511475,0.007139999885112047,79.9000015258789,0.9199999570846558,5.599999904632568,221.5,3.700000047683716
1304443166,,PRESENT,"Dry woods area; soil fine, deep.",,,,46.087778,-117.901111,,,,2001-08-03,2001-08-03 00:00:00,46.108333333333334,-117.89166663333334,2001-08-03 00:00:00,298.0,0.0,0.007189999800175428,28.399999618530273,1.3199999332427979,5.700000286102295,282.6000061035156,3.9000000953674316
1304443165,,PRESENT,"Dry woods and opening, disturbed; soil fine, deep, brown; slope 0-10; aspect ridgetop.",,,,46.136667,-117.425833,,,,2001-07-20,2001-07-20 00:00:00,46.150000000000006,-117.43333330000002,2001-07-20 00:00:00,293.5,5.300000190734863,0.00699999975040555,39.70000076293945,0.8199999928474426,4.400000095367432,281.3999938964844,2.4000000953674316
1304443164,,PRESENT,"Partial shade of Douglas fir, grand fir overstory; soil moist, fine, deep, brown.",,,,45.500556,-118.106667,,,,2001-08-01,2001-08-01 00:00:00,45.483333333333334,-118.09999996666667,2001-08-01 00:00:00,298.1000061035156,0.0,0.005169999785721302,25.600000381469727,1.2599999904632568,5.400000095367432,288.70001220703125,3.4000000953674316
1304443163,,PRESENT,"Lodgepole pine, with Shepherdia and Vaccinium scoparium in deep, fine soil; slope 5-10; aspect north.",,,,44.918056,-118.748611,,,,2002-06-30,2002-06-30 00:00:00,44.900000000000006,-118.76666663333334,2002-06-30 00:00:00,279.20001220703125,0.0,0.0065299998968839645,77.70000457763672,0.6599999666213989,5.099999904632568,256.6000061035156,3.299999952316284
1304443162,,PRESENT,Mixed forest of ponderosa pine to subalpine fir.,,,,48.5323,-118.5534,,,,1995-08-16,1995-08-16 00:00:00,48.525000000000006,-118.55833330000002,1995-08-16 00:00:00,290.20001220703125,0.699999988079071,0.004540000110864639,29.899999618530273,0.7199999690055847,3.6000001430511475,229.0,3.299999952316284
1304443161,,PRESENT,"Dry woods and opening, disturbed; soil fine, deep, brown; slope 0-10; aspect ridgetop.",,,,46.136667,-117.425833,,,,2001-07-20,2001-07-20 00:00:00,46.150000000000006,-117.43333330000002,2001-07-20 00:00:00,293.5,5.300000190734863,0.00699999975040555,39.70000076293945,0.8199999928474426,4.400000095367432,281.3999938964844,2.4000000953674316
1304443160,,PRESENT,Open slopes dominated by forbs intermixed with large patches of coniferous forest dominated by Abies lasiocarpa and Picea engelmannii.,,,,43.5186,-110.9542,,,,1991-08-02,1991-08-02 00:00:00,43.525000000000006,-110.97499996666667,1991-08-02 00:00:00,276.8999938964844,0.0,0.005239999853074551,77.0,0.8399999737739563,5.400000095367432,300.3999938964844,2.299999952316284
1304443159,,PRESENT,Largely lodgepole pine forests with some stands of Douglas fir and subalpine fir and moist ravines.,,,,43.0619,-110.6906,,,,1992-07-22,1992-07-22 00:00:00,43.06666666666667,-110.68333330000002,1992-07-22 00:00:00,297.29998779296875,0.800000011920929,0.005679999943822622,78.4000015258789,1.1899999380111694,7.800000190734863,309.1000061035156,4.0
1304443158,,PRESENT,"Lodgepole pine and Douglas fir on north exposures, grass and herb communities and sagebrush on south exposures with Rocky Mountain juniper and some maple on ridges and slopes, also streamside; north exposure.",,,,42.8133,-110.9028,,,,1992-06-19,1992-06-19 00:00:00,42.81666666666667,-110.89166663333334,1992-06-19 00:00:00,296.20001220703125,1.0,0.0061599998734891415,86.5999984741211,1.0499999523162842,7.099999904632568,314.3000183105469,3.5
1304443157,,PRESENT,"Dry forest with Douglas fir overstory; soil fine, deep, brown; slope 10-20; aspect ravine.",,,,45.941667,-118.001111,,,,2001-07-30,2001-07-30 00:00:00,45.94166666666667,-118.01666663333334,2001-07-30 00:00:00,287.5,2.6000001430511475,0.006769999861717224,39.79999923706055,0.3100000023841858,2.1000001430511475,135.6999969482422,2.1000001430511475
1304443156,,PRESENT,"Coniferous forest adjacent to creek, dominated by Abies lasiocarpa, Pinus contorta, and Picea engelmannii, some riparian.",,,,43.6295,-111.2315,,,,1991-08-05,1991-08-05 00:00:00,43.650000000000006,-111.22499996666667,1991-08-05 00:00:00,278.79998779296875,0.0,0.007229999639093876,100.0,1.0699999332427979,6.800000190734863,284.8999938964844,3.700000047683716
1304443155,,PRESENT,"Older mixed conifer stand near regenerating mixed conifer stand dominated by Douglas fir, with Arctostaphylos and Vaccinium in fine, deep soil; slope 15; aspect: northeast.",,,,45.051139,-118.810139,,,,2002-05-30,2002-05-30 00:00:00,45.06666666666667,-118.80833330000002,2002-05-30 00:00:00,279.29998779296875,0.0,0.0065299998968839645,93.5,0.6599999666213989,4.700000286102295,261.3999938964844,2.4000000953674316
